WARNING: A terminally deprecated method in sun.misc.Unsafe has been called
WARNING: sun.misc.Unsafe::staticFieldBase has been called by com.google.inject.internal.aop.HiddenClassDefiner (file:/usr/local/Cellar/maven/3.9.10/libexec/lib/guice-5.1.0-classes.jar)
WARNING: Please consider reporting this to the maintainers of class com.google.inject.internal.aop.HiddenClassDefiner
WARNING: sun.misc.Unsafe::staticFieldBase will be removed in a future release
[INFO] Scanning for projects...
[INFO] 
[INFO] ---------------< com.cargotracking:notification-service >---------------
[INFO] Building notification-service 0.0.1-SNAPSHOT
[INFO]   from pom.xml
[INFO] --------------------------------[ jar ]---------------------------------
[INFO] 
[INFO] >>> spring-boot:3.5.0:run (default-cli) > test-compile @ notification-service >>>
[INFO] 
[INFO] --- resources:3.3.1:resources (default-resources) @ notification-service ---
[INFO] Copying 3 resources from src/main/resources to target/classes
[INFO] Copying 1 resource from src/main/resources to target/classes
[INFO] 
[INFO] --- compiler:3.14.0:compile (default-compile) @ notification-service ---
[INFO] Nothing to compile - all classes are up to date.
[INFO] 
[INFO] --- resources:3.3.1:testResources (default-testResources) @ notification-service ---
[INFO] skip non existing resourceDirectory /Users/luvien/Desktop/xxxxxxx/cargo-tracking/notification-service/src/test/resources
[INFO] 
[INFO] --- compiler:3.14.0:testCompile (default-testCompile) @ notification-service ---
[INFO] No sources to compile
[INFO] 
[INFO] <<< spring-boot:3.5.0:run (default-cli) < test-compile @ notification-service <<<
[INFO] 
[INFO] 
[INFO] --- spring-boot:3.5.0:run (default-cli) @ notification-service ---
[INFO] Attaching agents: []

  .   ____          _            __ _ _
 /\\ / ___'_ __ _ _(_)_ __  __ _ \ \ \ \
( ( )\___ | '_ | '_| | '_ \/ _` | \ \ \ \
 \\/  ___)| |_)| | | | | || (_| |  ) ) ) )
  '  |____| .__|_| |_|_| |_\__, | / / / /
 =========|_|==============|___/=/_/_/_/

 :: Spring Boot ::                (v3.5.0)

23:02:57.014 [main] INFO  c.c.n.NotificationServiceApplication - Starting NotificationServiceApplication using Java 24.0.1 with PID 12116 (/Users/luvien/Desktop/xxxxxxx/cargo-tracking/notification-service/target/classes started by luvien in /Users/luvien/Desktop/xxxxxxx/cargo-tracking/notification-service)
23:02:57.018 [main] DEBUG c.c.n.NotificationServiceApplication - Running with Spring Boot v3.5.0, Spring v6.2.7
23:02:57.022 [main] INFO  c.c.n.NotificationServiceApplication - No active profile set, falling back to 1 default profile: "default"
23:03:01.168 [main] INFO  o.s.d.r.c.RepositoryConfigurationDelegate - Bootstrapping Spring Data MongoDB repositories in DEFAULT mode.
23:03:02.211 [main] INFO  o.s.d.r.c.RepositoryConfigurationDelegate - Finished Spring Data repository scanning in 1002 ms. Found 2 MongoDB repository interfaces.
23:03:02.975 [main] INFO  o.s.cloud.context.scope.GenericScope - BeanFactory id=535c9246-72eb-3edf-b898-b1ea52a0848d
23:03:04.154 [main] INFO  o.s.b.w.e.tomcat.TomcatWebServer - Tomcat initialized with port 8084 (http)
23:03:04.234 [main] INFO  o.a.catalina.core.StandardService - Starting service [Tomcat]
23:03:04.236 [main] INFO  o.a.catalina.core.StandardEngine - Starting Servlet engine: [Apache Tomcat/10.1.41]
23:03:04.461 [main] INFO  o.a.c.c.C.[Tomcat].[localhost].[/] - Initializing Spring embedded WebApplicationContext
23:03:04.463 [main] INFO  o.s.b.w.s.c.ServletWebServerApplicationContext - Root WebApplicationContext: initialization completed in 7254 ms
23:03:05.892 [main] INFO  org.mongodb.driver.client - MongoClient with metadata {"driver": {"name": "mongo-java-driver|sync|spring-boot", "version": "5.4.0"}, "os": {"type": "Darwin", "name": "Mac OS X", "architecture": "x86_64", "version": "15.4.1"}, "platform": "Java/Homebrew/24.0.1"} created with settings MongoClientSettings{readPreference=primary, writeConcern=WriteConcern{w=null, wTimeout=null ms, journal=null}, retryWrites=true, retryReads=true, readConcern=ReadConcern{level=null}, credential=null, transportSettings=null, commandListeners=[io.micrometer.core.instrument.binder.mongodb.MongoMetricsCommandListener@42401b81], codecRegistry=ProvidersCodecRegistry{codecProviders=[ValueCodecProvider{}, BsonValueCodecProvider{}, DBRefCodecProvider{}, DBObjectCodecProvider{}, DocumentCodecProvider{}, CollectionCodecProvider{}, IterableCodecProvider{}, MapCodecProvider{}, GeoJsonCodecProvider{}, GridFSFileCodecProvider{}, Jsr310CodecProvider{}, JsonObjectCodecProvider{}, BsonCodecProvider{}, EnumCodecProvider{}, com.mongodb.client.model.mql.ExpressionCodecProvider@189633f2, com.mongodb.Jep395RecordCodecProvider@76b05c0, com.mongodb.KotlinCodecProvider@2b974137]}, loggerSettings=LoggerSettings{maxDocumentLength=1000}, clusterSettings={hosts=[localhost:27017], srvServiceName=mongodb, mode=SINGLE, requiredClusterType=UNKNOWN, requiredReplicaSetName='null', serverSelector='null', clusterListeners='[]', serverSelectionTimeout='30000 ms', localThreshold='15 ms'}, socketSettings=SocketSettings{connectTimeoutMS=10000, readTimeoutMS=0, receiveBufferSize=0, proxySettings=ProxySettings{host=null, port=null, username=null, password=null}}, heartbeatSocketSettings=SocketSettings{connectTimeoutMS=10000, readTimeoutMS=10000, receiveBufferSize=0, proxySettings=ProxySettings{host=null, port=null, username=null, password=null}}, connectionPoolSettings=ConnectionPoolSettings{maxSize=100, minSize=0, maxWaitTimeMS=120000, maxConnectionLifeTimeMS=0, maxConnectionIdleTimeMS=0, maintenanceInitialDelayMS=0, maintenanceFrequencyMS=60000, connectionPoolListeners=[io.micrometer.core.instrument.binder.mongodb.MongoMetricsConnectionPoolListener@36871e98], maxConnecting=2}, serverSettings=ServerSettings{heartbeatFrequencyMS=10000, minHeartbeatFrequencyMS=500, serverMonitoringMode=AUTO, serverListeners='[]', serverMonitorListeners='[]'}, sslSettings=SslSettings{enabled=false, invalidHostNameAllowed=false, context=null}, applicationName='null', compressorList=[], uuidRepresentation=JAVA_LEGACY, serverApi=null, autoEncryptionSettings=null, dnsClient=null, inetAddressResolver=null, contextProvider=null, timeoutMS=null}
23:03:05.921 [cluster-ClusterId{value='68507879ada9b85467a93e89', description='null'}-localhost:27017] INFO  org.mongodb.driver.cluster - Monitor thread successfully connected to server with description ServerDescription{address=localhost:27017, type=STANDALONE, cryptd=false, state=CONNECTED, ok=true, minWireVersion=0, maxWireVersion=17, maxDocumentSize=16777216, logicalSessionTimeoutMinutes=30, roundTripTimeNanos=18446834, minRoundTripTimeNanos=0}
23:03:05.964 [main] WARN  o.s.data.convert.CustomConversions - Registering converter from interface java.util.List to interface org.springframework.data.domain.Vector as reading converter although it doesn't convert from a store-supported type; You might want to check your annotation setup at the converter implementation
23:03:06.174 [main] WARN  o.s.data.convert.CustomConversions - Registering converter from interface java.util.List to interface org.springframework.data.domain.Vector as reading converter although it doesn't convert from a store-supported type; You might want to check your annotation setup at the converter implementation
23:03:07.040 [main] INFO  o.s.b.a.e.web.EndpointLinksResolver - Exposing 3 endpoints beneath base path '/actuator'
23:03:07.841 [main] INFO  o.s.c.n.e.c.DiscoveryClientOptionalArgsConfiguration - Eureka HTTP Client uses RestTemplate.
23:03:07.905 [main] WARN  o.s.c.l.c.LoadBalancerCacheAutoConfiguration$LoadBalancerCaffeineWarnLogger - Spring Cloud LoadBalancer is currently working with the default cache. While this cache implementation is useful for development and tests, it's recommended to use Caffeine cache in production.You can switch to using Caffeine cache, by adding it and org.springframework.cache.caffeine.CaffeineCacheManager to the classpath.
23:03:08.017 [main] INFO  o.s.c.n.eureka.InstanceInfoFactory - Setting initial instance status as: STARTING
23:03:08.054 [main] INFO  c.netflix.discovery.DiscoveryClient - Initializing Eureka in region us-east-1
23:03:08.062 [main] INFO  c.n.d.s.r.aws.ConfigClusterResolver - Resolving eureka endpoints via configuration
23:03:08.081 [main] INFO  c.netflix.discovery.DiscoveryClient - Disable delta property : false
23:03:08.082 [main] INFO  c.netflix.discovery.DiscoveryClient - Single vip registry refresh property : null
23:03:08.082 [main] INFO  c.netflix.discovery.DiscoveryClient - Force full registry fetch : false
23:03:08.082 [main] INFO  c.netflix.discovery.DiscoveryClient - Application is null : false
23:03:08.082 [main] INFO  c.netflix.discovery.DiscoveryClient - Registered Applications size is zero : true
23:03:08.082 [main] INFO  c.netflix.discovery.DiscoveryClient - Application version is -1: true
23:03:08.082 [main] INFO  c.netflix.discovery.DiscoveryClient - Getting all instance registry info from the eureka server
23:03:10.031 [main] INFO  c.netflix.discovery.DiscoveryClient - The response status is 200
23:03:10.035 [main] INFO  c.netflix.discovery.DiscoveryClient - Starting heartbeat executor: renew interval is: 30
23:03:10.039 [main] INFO  c.n.discovery.InstanceInfoReplicator - InstanceInfoReplicator onDemand update allowed rate per min is 4
23:03:10.043 [main] INFO  c.netflix.discovery.DiscoveryClient - Discovery Client initialized at timestamp 1750104190041 with initial instances count: 0
23:03:10.060 [main] INFO  o.s.c.n.e.s.EurekaServiceRegistry - Registering application NOTIFICATION-SERVICE with eureka with status UP
23:03:10.063 [main] INFO  c.netflix.discovery.DiscoveryClient - Saw local status change event StatusChangeEvent [timestamp=1750104190063, current=UP, previous=STARTING]
23:03:10.068 [DiscoveryClient-InstanceInfoReplicator-%d] INFO  c.netflix.discovery.DiscoveryClient - DiscoveryClient_NOTIFICATION-SERVICE/192.168.1.103:notification-service:8084: registering service...
23:03:10.089 [main] INFO  o.s.c.n.e.s.EurekaServiceRegistry - Unregistering application NOTIFICATION-SERVICE with eureka with status DOWN
23:03:10.090 [main] INFO  c.netflix.discovery.DiscoveryClient - Saw local status change event StatusChangeEvent [timestamp=1750104190090, current=DOWN, previous=UP]
23:03:10.094 [main] WARN  o.s.b.w.s.c.AnnotationConfigServletWebServerApplicationContext - Exception encountered during context initialization - cancelling refresh attempt: org.springframework.context.ApplicationContextException: Failed to start bean 'webServerStartStop'
23:03:10.138 [main] INFO  c.netflix.discovery.DiscoveryClient - Shutting down DiscoveryClient ...
23:03:10.862 [DiscoveryClient-InstanceInfoReplicator-%d] INFO  c.netflix.discovery.DiscoveryClient - DiscoveryClient_NOTIFICATION-SERVICE/192.168.1.103:notification-service:8084 - registration status: 204
23:03:10.863 [DiscoveryClient-InstanceInfoReplicator-%d] INFO  c.netflix.discovery.DiscoveryClient - DiscoveryClient_NOTIFICATION-SERVICE/192.168.1.103:notification-service:8084: registering service...
23:03:10.873 [DiscoveryClient-InstanceInfoReplicator-%d] INFO  c.netflix.discovery.DiscoveryClient - DiscoveryClient_NOTIFICATION-SERVICE/192.168.1.103:notification-service:8084 - registration status: 204
23:03:10.873 [main] INFO  c.netflix.discovery.DiscoveryClient - Unregistering ...
23:03:10.917 [main] INFO  c.netflix.discovery.DiscoveryClient - DiscoveryClient_NOTIFICATION-SERVICE/192.168.1.103:notification-service:8084 - deregister  status: 200
23:03:10.919 [main] INFO  c.netflix.discovery.DiscoveryClient - Completed shut down of DiscoveryClient
23:03:10.976 [main] INFO  o.s.b.a.l.ConditionEvaluationReportLogger - 

Error starting ApplicationContext. To display the condition evaluation report re-run your application with 'debug' enabled.
23:03:11.018 [main] ERROR o.s.b.d.LoggingFailureAnalysisReporter - 

***************************
APPLICATION FAILED TO START
***************************

Description:

Web server failed to start. Port 8084 was already in use.

Action:

Identify and stop the process that's listening on port 8084 or configure this application to listen on another port.

[INFO] ------------------------------------------------------------------------
[INFO] BUILD FAILURE
[INFO] ------------------------------------------------------------------------
[INFO] Total time:  37.764 s
[INFO] Finished at: 2025-06-16T23:03:11+03:00
[INFO] ------------------------------------------------------------------------
[ERROR] Failed to execute goal org.springframework.boot:spring-boot-maven-plugin:3.5.0:run (default-cli) on project notification-service: Process terminated with exit code: 1 -> [Help 1]
[ERROR] 
[ERROR] To see the full stack trace of the errors, re-run Maven with the -e switch.
[ERROR] Re-run Maven using the -X switch to enable full debug logging.
[ERROR] 
[ERROR] For more information about the errors and possible solutions, please read the following articles:
[ERROR] [Help 1] http://cwiki.apache.org/confluence/display/MAVEN/MojoExecutionException
eCapableBeanFactory.java:1375)
	at org.springframework.beans.factory.support.AbstractAutowireCapableBeanFactory.createBeanInstance(AbstractAutowireCapableBeanFactory.java:1205)
	at org.springframework.beans.factory.support.AbstractAutowireCapableBeanFactory.doCreateBean(AbstractAutowireCapableBeanFactory.java:569)
	at org.springframework.beans.factory.support.AbstractAutowireCapableBeanFactory.createBean(AbstractAutowireCapableBeanFactory.java:529)
	at org.springframework.beans.factory.support.AbstractBeanFactory.lambda$doGetBean$1(AbstractBeanFactory.java:378)
	at org.springframework.cloud.context.scope.GenericScope$BeanLifecycleWrapper.getBean(GenericScope.java:373)
	at org.springframework.cloud.context.scope.GenericScope.get(GenericScope.java:177)
	at org.springframework.beans.factory.support.AbstractBeanFactory.doGetBean(AbstractBeanFactory.java:375)
	at org.springframework.beans.factory.support.AbstractBeanFactory.getBean(AbstractBeanFactory.java:202)
	at org.springframework.aop.target.SimpleBeanTargetSource.getTarget(SimpleBeanTargetSource.java:35)
	at org.springframework.cloud.netflix.eureka.serviceregistry.EurekaRegistration.getTargetObject(EurekaRegistration.java:128)
	at org.springframework.cloud.netflix.eureka.serviceregistry.EurekaRegistration.getEurekaClient(EurekaRegistration.java:116)
	at java.base/jdk.internal.reflect.DirectMethodHandleAccessor.invoke(DirectMethodHandleAccessor.java:104)
	at java.base/java.lang.reflect.Method.invoke(Method.java:565)
	at org.springframework.util.ReflectionUtils.invokeMethod(ReflectionUtils.java:281)
	at org.springframework.cloud.context.scope.GenericScope$LockedScopedProxyFactoryBean.invoke(GenericScope.java:480)
	at org.springframework.aop.framework.ReflectiveMethodInvocation.proceed(ReflectiveMethodInvocation.java:184)
	at org.springframework.aop.framework.CglibAopProxy$DynamicAdvisedInterceptor.intercept(CglibAopProxy.java:728)
	at org.springframework.cloud.netflix.eureka.serviceregistry.EurekaRegistration$$SpringCGLIB$$0.getEurekaClient(<generated>)
	at org.springframework.cloud.netflix.eureka.serviceregistry.EurekaServiceRegistry.maybeInitializeClient(EurekaServiceRegistry.java:83)
	at org.springframework.cloud.netflix.eureka.serviceregistry.EurekaServiceRegistry.register(EurekaServiceRegistry.java:66)
	at org.springframework.cloud.netflix.eureka.serviceregistry.EurekaAutoServiceRegistration.start(EurekaAutoServiceRegistration.java:89)
	at org.springframework.context.support.DefaultLifecycleProcessor.doStart(DefaultLifecycleProcessor.java:405)
	at org.springframework.context.support.DefaultLifecycleProcessor.doStart(DefaultLifecycleProcessor.java:394)
	at org.springframework.context.support.DefaultLifecycleProcessor$LifecycleGroup.start(DefaultLifecycleProcessor.java:586)
	at java.base/java.lang.Iterable.forEach(Iterable.java:75)
	at org.springframework.context.support.DefaultLifecycleProcessor.startBeans(DefaultLifecycleProcessor.java:364)
	at org.springframework.context.support.DefaultLifecycleProcessor.onRefresh(DefaultLifecycleProcessor.java:310)
	at org.springframework.context.support.AbstractApplicationContext.finishRefresh(AbstractApplicationContext.java:1006)
	at org.springframework.context.support.AbstractApplicationContext.refresh(AbstractApplicationContext.java:630)
	at org.springframework.boot.web.servlet.context.ServletWebServerApplicationContext.refresh(ServletWebServerApplicationContext.java:146)
	at org.springframework.boot.SpringApplication.refresh(SpringApplication.java:753)
	at org.springframework.boot.SpringApplication.refreshContext(SpringApplication.java:439)
	at org.springframework.boot.SpringApplication.run(SpringApplication.java:318)
	at org.springframework.boot.SpringApplication.run(SpringApplication.java:1362)
	at org.springframework.boot.SpringApplication.run(SpringApplication.java:1351)
	at com.cargotracking.notification_service.NotificationServiceApplication.main(NotificationServiceApplication.java:30)
Caused by: java.net.SocketException: Connection reset
	at java.base/sun.nio.ch.NioSocketImpl.implRead(NioSocketImpl.java:317)
	at java.base/sun.nio.ch.NioSocketImpl.read(NioSocketImpl.java:345)
	at java.base/sun.nio.ch.NioSocketImpl$1.read(NioSocketImpl.java:790)
	at java.base/java.net.Socket$SocketInputStream.implRead(Socket.java:983)
	at java.base/java.net.Socket$SocketInputStream.read(Socket.java:970)
	at org.apache.hc.core5.http.impl.io.SessionInputBufferImpl.fillBuffer(SessionInputBufferImpl.java:149)
	at org.apache.hc.core5.http.impl.io.SessionInputBufferImpl.readLine(SessionInputBufferImpl.java:280)
	at org.apache.hc.core5.http.impl.io.AbstractMessageParser.parse(AbstractMessageParser.java:250)
	at org.apache.hc.core5.http.impl.io.AbstractMessageParser.parse(AbstractMessageParser.java:56)
	at org.apache.hc.core5.http.impl.io.DefaultBHttpClientConnection.receiveResponseHeader(DefaultBHttpClientConnection.java:331)
	at org.apache.hc.core5.http.impl.io.HttpRequestExecutor.execute(HttpRequestExecutor.java:196)
	at org.apache.hc.client5.http.impl.classic.InternalExecRuntime.lambda$execute$0(InternalExecRuntime.java:236)
	at org.apache.hc.client5.http.impl.io.PoolingHttpClientConnectionManager$InternalConnectionEndpoint.execute(PoolingHttpClientConnectionManager.java:791)
	at org.apache.hc.client5.http.impl.classic.InternalExecRuntime.execute(InternalExecRuntime.java:233)
	at org.apache.hc.client5.http.impl.classic.MainClientExec.execute(MainClientExec.java:120)
	at org.apache.hc.client5.http.impl.classic.ExecChainElement.execute(ExecChainElement.java:51)
	at org.apache.hc.client5.http.impl.classic.ConnectExec.execute(ConnectExec.java:198)
	at org.apache.hc.client5.http.impl.classic.ExecChainElement.execute(ExecChainElement.java:51)
	at org.apache.hc.client5.http.impl.classic.ProtocolExec.execute(ProtocolExec.java:192)
	at org.apache.hc.client5.http.impl.classic.ExecChainElement.execute(ExecChainElement.java:51)
	at org.apache.hc.client5.http.impl.classic.ContentCompressionExec.execute(ContentCompressionExec.java:150)
	at org.apache.hc.client5.http.impl.classic.ExecChainElement.execute(ExecChainElement.java:51)
	at org.apache.hc.client5.http.impl.classic.HttpRequestRetryExec.execute(HttpRequestRetryExec.java:113)
	at org.apache.hc.client5.http.impl.classic.ExecChainElement.execute(ExecChainElement.java:51)
	at org.apache.hc.client5.http.impl.classic.RedirectExec.execute(RedirectExec.java:110)
	at org.apache.hc.client5.http.impl.classic.ExecChainElement.execute(ExecChainElement.java:51)
	at org.apache.hc.client5.http.impl.classic.InternalHttpClient.doExecute(InternalHttpClient.java:183)
	at org.apache.hc.client5.http.impl.classic.CloseableHttpClient.execute(CloseableHttpClient.java:87)
	at org.apache.hc.client5.http.impl.classic.CloseableHttpClient.execute(CloseableHttpClient.java:55)
	at org.apache.hc.client5.http.classic.HttpClient.executeOpen(HttpClient.java:183)
	at org.springframework.http.client.HttpComponentsClientHttpRequest.executeInternal(HttpComponentsClientHttpRequest.java:99)
	at org.springframework.http.client.AbstractStreamingClientHttpRequest.executeInternal(AbstractStreamingClientHttpRequest.java:71)
	at org.springframework.http.client.AbstractClientHttpRequest.execute(AbstractClientHttpRequest.java:81)
	at org.springframework.http.client.InterceptingClientHttpRequest$InterceptingRequestExecution.execute(InterceptingClientHttpRequest.java:117)
	at org.springframework.cloud.netflix.eureka.http.RestTemplateTransportClientFactory.lambda$restTemplate$2(RestTemplateTransportClientFactory.java:145)
	at org.springframework.http.client.InterceptingClientHttpRequest$InterceptingRequestExecution.execute(InterceptingClientHttpRequest.java:88)
	at org.springframework.http.client.InterceptingClientHttpRequest.executeInternal(InterceptingClientHttpRequest.java:72)
	at org.springframework.http.client.AbstractBufferingClientHttpRequest.executeInternal(AbstractBufferingClientHttpRequest.java:48)
	at org.springframework.http.client.AbstractClientHttpRequest.execute(AbstractClientHttpRequest.java:81)
	at org.springframework.web.client.RestTemplate.doExecute(RestTemplate.java:900)
	... 65 more

23:02:47.995 [main] WARN  c.n.d.s.t.d.RetryableEurekaHttpClient - Request execution failed with message: I/O error on GET request for "http://localhost:8761/eureka/apps/": Connection reset
23:02:47.996 [main] INFO  c.netflix.discovery.DiscoveryClient - DiscoveryClient_NOTIFICATION-SERVICE/192.168.1.103:notification-service:8084 - was unable to refresh its cache! This periodic background refresh will be retried in 30 seconds. status = Cannot execute request on any known server stacktrace = com.netflix.discovery.shared.transport.TransportException: Cannot execute request on any known server
	at com.netflix.discovery.shared.transport.decorator.RetryableEurekaHttpClient.execute(RetryableEurekaHttpClient.java:112)
	at com.netflix.discovery.shared.transport.decorator.EurekaHttpClientDecorator.getApplications(EurekaHttpClientDecorator.java:134)
	at com.netflix.discovery.shared.transport.decorator.EurekaHttpClientDecorator$6.execute(EurekaHttpClientDecorator.java:137)
	at com.netflix.discovery.shared.transport.decorator.SessionedEurekaHttpClient.execute(SessionedEurekaHttpClient.java:76)
	at com.netflix.discovery.shared.transport.decorator.EurekaHttpClientDecorator.getApplications(EurekaHttpClientDecorator.java:134)
	at com.netflix.discovery.DiscoveryClient.getAndStoreFullRegistry(DiscoveryClient.java:1046)
	at com.netflix.discovery.DiscoveryClient.fetchRegistry(DiscoveryClient.java:961)
	at com.netflix.discovery.DiscoveryClient.<init>(DiscoveryClient.java:410)
	at com.netflix.discovery.DiscoveryClient.<init>(DiscoveryClient.java:245)
	at com.netflix.discovery.DiscoveryClient.<init>(DiscoveryClient.java:240)
	at org.springframework.cloud.netflix.eureka.CloudEurekaClient.<init>(CloudEurekaClient.java:68)
	at org.springframework.cloud.netflix.eureka.EurekaClientAutoConfiguration$RefreshableEurekaClientConfiguration.eurekaClient(EurekaClientAutoConfiguration.java:324)
	at java.base/jdk.internal.reflect.DirectMethodHandleAccessor.invoke(DirectMethodHandleAccessor.java:104)
	at java.base/java.lang.reflect.Method.invoke(Method.java:565)
	at org.springframework.beans.factory.support.SimpleInstantiationStrategy.lambda$instantiate$0(SimpleInstantiationStrategy.java:171)
	at org.springframework.beans.factory.support.SimpleInstantiationStrategy.instantiateWithFactoryMethod(SimpleInstantiationStrategy.java:88)
	at org.springframework.beans.factory.support.SimpleInstantiationStrategy.instantiate(SimpleInstantiationStrategy.java:168)
	at org.springframework.beans.factory.support.ConstructorResolver.instantiate(ConstructorResolver.java:653)
	at org.springframework.beans.factory.support.ConstructorResolver.instantiateUsingFactoryMethod(ConstructorResolver.java:645)
	at org.springframework.beans.factory.support.AbstractAutowireCapableBeanFactory.instantiateUsingFactoryMethod(AbstractAutowireCapableBeanFactory.java:1375)
	at org.springframework.beans.factory.support.AbstractAutowireCapableBeanFactory.createBeanInstance(AbstractAutowireCapableBeanFactory.java:1205)
	at org.springframework.beans.factory.support.AbstractAutowireCapableBeanFactory.doCreateBean(AbstractAutowireCapableBeanFactory.java:569)
	at org.springframework.beans.factory.support.AbstractAutowireCapableBeanFactory.createBean(AbstractAutowireCapableBeanFactory.java:529)
	at org.springframework.beans.factory.support.AbstractBeanFactory.lambda$doGetBean$1(AbstractBeanFactory.java:378)
	at org.springframework.cloud.context.scope.GenericScope$BeanLifecycleWrapper.getBean(GenericScope.java:373)
	at org.springframework.cloud.context.scope.GenericScope.get(GenericScope.java:177)
	at org.springframework.beans.factory.support.AbstractBeanFactory.doGetBean(AbstractBeanFactory.java:375)
	at org.springframework.beans.factory.support.AbstractBeanFactory.getBean(AbstractBeanFactory.java:202)
	at org.springframework.aop.target.SimpleBeanTargetSource.getTarget(SimpleBeanTargetSource.java:35)
	at org.springframework.cloud.netflix.eureka.serviceregistry.EurekaRegistration.getTargetObject(EurekaRegistration.java:128)
	at org.springframework.cloud.netflix.eureka.serviceregistry.EurekaRegistration.getEurekaClient(EurekaRegistration.java:116)
	at java.base/jdk.internal.reflect.DirectMethodHandleAccessor.invoke(DirectMethodHandleAccessor.java:104)
	at java.base/java.lang.reflect.Method.invoke(Method.java:565)
	at org.springframework.util.ReflectionUtils.invokeMethod(ReflectionUtils.java:281)
	at org.springframework.cloud.context.scope.GenericScope$LockedScopedProxyFactoryBean.invoke(GenericScope.java:480)
	at org.springframework.aop.framework.ReflectiveMethodInvocation.proceed(ReflectiveMethodInvocation.java:184)
	at org.springframework.aop.framework.CglibAopProxy$DynamicAdvisedInterceptor.intercept(CglibAopProxy.java:728)
	at org.springframework.cloud.netflix.eureka.serviceregistry.EurekaRegistration$$SpringCGLIB$$0.getEurekaClient(<generated>)
	at org.springframework.cloud.netflix.eureka.serviceregistry.EurekaServiceRegistry.maybeInitializeClient(EurekaServiceRegistry.java:83)
	at org.springframework.cloud.netflix.eureka.serviceregistry.EurekaServiceRegistry.register(EurekaServiceRegistry.java:66)
	at org.springframework.cloud.netflix.eureka.serviceregistry.EurekaAutoServiceRegistration.start(EurekaAutoServiceRegistration.java:89)
	at org.springframework.context.support.DefaultLifecycleProcessor.doStart(DefaultLifecycleProcessor.java:405)
	at org.springframework.context.support.DefaultLifecycleProcessor.doStart(DefaultLifecycleProcessor.java:394)
	at org.springframework.context.support.DefaultLifecycleProcessor$LifecycleGroup.start(DefaultLifecycleProcessor.java:586)
	at java.base/java.lang.Iterable.forEach(Iterable.java:75)
	at org.springframework.context.support.DefaultLifecycleProcessor.startBeans(DefaultLifecycleProcessor.java:364)
	at org.springframework.context.support.DefaultLifecycleProcessor.onRefresh(DefaultLifecycleProcessor.java:310)
	at org.springframework.context.support.AbstractApplicationContext.finishRefresh(AbstractApplicationContext.java:1006)
	at org.springframework.context.support.AbstractApplicationContext.refresh(AbstractApplicationContext.java:630)
	at org.springframework.boot.web.servlet.context.ServletWebServerApplicationContext.refresh(ServletWebServerApplicationContext.java:146)
	at org.springframework.boot.SpringApplication.refresh(SpringApplication.java:753)
	at org.springframework.boot.SpringApplication.refreshContext(SpringApplication.java:439)
	at org.springframework.boot.SpringApplication.run(SpringApplication.java:318)
	at org.springframework.boot.SpringApplication.run(SpringApplication.java:1362)
	at org.springframework.boot.SpringApplication.run(SpringApplication.java:1351)
	at com.cargotracking.notification_service.NotificationServiceApplication.main(NotificationServiceApplication.java:30)

23:02:47.996 [main] INFO  c.netflix.discovery.DiscoveryClient - Initial registry fetch from primary servers failed
23:02:47.996 [main] WARN  c.netflix.discovery.DiscoveryClient - Using default backup registry implementation which does not do anything.
23:02:47.997 [main] INFO  c.netflix.discovery.DiscoveryClient - Initial registry fetch from backup servers failed
23:02:47.998 [main] INFO  c.netflix.discovery.DiscoveryClient - Starting heartbeat executor: renew interval is: 30
23:02:48.005 [main] INFO  c.n.discovery.InstanceInfoReplicator - InstanceInfoReplicator onDemand update allowed rate per min is 4
23:02:48.009 [main] INFO  c.netflix.discovery.DiscoveryClient - Discovery Client initialized at timestamp 1750104168007 with initial instances count: 0
23:02:48.018 [main] INFO  o.s.c.n.e.s.EurekaServiceRegistry - Registering application NOTIFICATION-SERVICE with eureka with status UP
23:02:48.019 [main] INFO  c.netflix.discovery.DiscoveryClient - Saw local status change event StatusChangeEvent [timestamp=1750104168019, current=UP, previous=STARTING]
23:02:48.022 [DiscoveryClient-InstanceInfoReplicator-%d] INFO  c.netflix.discovery.DiscoveryClient - DiscoveryClient_NOTIFICATION-SERVICE/192.168.1.103:notification-service:8084: registering service...
23:02:48.064 [main] INFO  o.s.b.w.e.tomcat.TomcatWebServer - Tomcat started on port 8084 (http) with context path '/'
23:02:48.066 [main] INFO  o.s.c.n.e.s.EurekaAutoServiceRegistration - Updating port to 8084
23:02:48.188 [DiscoveryClient-InstanceInfoReplicator-%d] INFO  c.n.d.s.t.d.RedirectingEurekaHttpClient - Request execution error. endpoint=DefaultEndpoint{ serviceUrl='http://localhost:8761/eureka/}, exception=I/O error on POST request for "http://localhost:8761/eureka/apps/NOTIFICATION-SERVICE": Connection reset stacktrace=org.springframework.web.client.ResourceAccessException: I/O error on POST request for "http://localhost:8761/eureka/apps/NOTIFICATION-SERVICE": Connection reset
	at org.springframework.web.client.RestTemplate.createResourceAccessException(RestTemplate.java:926)
	at org.springframework.web.client.RestTemplate.doExecute(RestTemplate.java:906)
	at org.springframework.web.client.RestTemplate.execute(RestTemplate.java:841)
	at org.springframework.web.client.RestTemplate.exchange(RestTemplate.java:702)
	at org.springframework.cloud.netflix.eureka.http.RestTemplateEurekaHttpClient.register(RestTemplateEurekaHttpClient.java:87)
	at com.netflix.discovery.shared.transport.decorator.EurekaHttpClientDecorator$1.execute(EurekaHttpClientDecorator.java:59)
	at com.netflix.discovery.shared.transport.decorator.RedirectingEurekaHttpClient.executeOnNewServer(RedirectingEurekaHttpClient.java:121)
	at com.netflix.discovery.shared.transport.decorator.RedirectingEurekaHttpClient.execute(RedirectingEurekaHttpClient.java:80)
	at com.netflix.discovery.shared.transport.decorator.EurekaHttpClientDecorator.register(EurekaHttpClientDecorator.java:56)
	at com.netflix.discovery.shared.transport.decorator.EurekaHttpClientDecorator$1.execute(EurekaHttpClientDecorator.java:59)
	at com.netflix.discovery.shared.transport.decorator.RetryableEurekaHttpClient.execute(RetryableEurekaHttpClient.java:120)
	at com.netflix.discovery.shared.transport.decorator.EurekaHttpClientDecorator.register(EurekaHttpClientDecorator.java:56)
	at com.netflix.discovery.shared.transport.decorator.EurekaHttpClientDecorator$1.execute(EurekaHttpClientDecorator.java:59)
	at com.netflix.discovery.shared.transport.decorator.SessionedEurekaHttpClient.execute(SessionedEurekaHttpClient.java:76)
	at com.netflix.discovery.shared.transport.decorator.EurekaHttpClientDecorator.register(EurekaHttpClientDecorator.java:56)
	at com.netflix.discovery.DiscoveryClient.register(DiscoveryClient.java:828)
	at com.netflix.discovery.InstanceInfoReplicator.run(InstanceInfoReplicator.java:125)
	at com.netflix.discovery.InstanceInfoReplicator$2.run(InstanceInfoReplicator.java:105)
	at java.base/java.util.concurrent.Executors$RunnableAdapter.call(Executors.java:545)
	at java.base/java.util.concurrent.FutureTask.run(FutureTask.java:328)
	at java.base/java.util.concurrent.ScheduledThreadPoolExecutor$ScheduledFutureTask.run(ScheduledThreadPoolExecutor.java:309)
	at java.base/java.util.concurrent.ThreadPoolExecutor.runWorker(ThreadPoolExecutor.java:1095)
	at java.base/java.util.concurrent.ThreadPoolExecutor$Worker.run(ThreadPoolExecutor.java:619)
	at java.base/java.lang.Thread.run(Thread.java:1447)
Caused by: java.net.SocketException: Connection reset
	at java.base/sun.nio.ch.NioSocketImpl.implRead(NioSocketImpl.java:317)
	at java.base/sun.nio.ch.NioSocketImpl.read(NioSocketImpl.java:345)
	at java.base/sun.nio.ch.NioSocketImpl$1.read(NioSocketImpl.java:790)
	at java.base/java.net.Socket$SocketInputStream.implRead(Socket.java:983)
	at java.base/java.net.Socket$SocketInputStream.read(Socket.java:970)
	at org.apache.hc.core5.http.impl.io.SessionInputBufferImpl.fillBuffer(SessionInputBufferImpl.java:149)
	at org.apache.hc.core5.http.impl.io.SessionInputBufferImpl.readLine(SessionInputBufferImpl.java:280)
	at org.apache.hc.core5.http.impl.io.AbstractMessageParser.parse(AbstractMessageParser.java:250)
	at org.apache.hc.core5.http.impl.io.AbstractMessageParser.parse(AbstractMessageParser.java:56)
	at org.apache.hc.core5.http.impl.io.DefaultBHttpClientConnection.receiveResponseHeader(DefaultBHttpClientConnection.java:331)
	at org.apache.hc.core5.http.impl.io.HttpRequestExecutor.execute(HttpRequestExecutor.java:196)
	at org.apache.hc.client5.http.impl.classic.InternalExecRuntime.lambda$execute$0(InternalExecRuntime.java:236)
	at org.apache.hc.client5.http.impl.io.PoolingHttpClientConnectionManager$InternalConnectionEndpoint.execute(PoolingHttpClientConnectionManager.java:791)
	at org.apache.hc.client5.http.impl.classic.InternalExecRuntime.execute(InternalExecRuntime.java:233)
	at org.apache.hc.client5.http.impl.classic.MainClientExec.execute(MainClientExec.java:120)
	at org.apache.hc.client5.http.impl.classic.ExecChainElement.execute(ExecChainElement.java:51)
	at org.apache.hc.client5.http.impl.classic.ConnectExec.execute(ConnectExec.java:198)
	at org.apache.hc.client5.http.impl.classic.ExecChainElement.execute(ExecChainElement.java:51)
	at org.apache.hc.client5.http.impl.classic.ProtocolExec.execute(ProtocolExec.java:192)
	at org.apache.hc.client5.http.impl.classic.ExecChainElement.execute(ExecChainElement.java:51)
	at org.apache.hc.client5.http.impl.classic.ContentCompressionExec.execute(ContentCompressionExec.java:150)
	at org.apache.hc.client5.http.impl.classic.ExecChainElement.execute(ExecChainElement.java:51)
	at org.apache.hc.client5.http.impl.classic.HttpRequestRetryExec.execute(HttpRequestRetryExec.java:113)
	at org.apache.hc.client5.http.impl.classic.ExecChainElement.execute(ExecChainElement.java:51)
	at org.apache.hc.client5.http.impl.classic.RedirectExec.execute(RedirectExec.java:110)
	at org.apache.hc.client5.http.impl.classic.ExecChainElement.execute(ExecChainElement.java:51)
	at org.apache.hc.client5.http.impl.classic.InternalHttpClient.doExecute(InternalHttpClient.java:183)
	at org.apache.hc.client5.http.impl.classic.CloseableHttpClient.execute(CloseableHttpClient.java:87)
	at org.apache.hc.client5.http.impl.classic.CloseableHttpClient.execute(CloseableHttpClient.java:55)
	at org.apache.hc.client5.http.classic.HttpClient.executeOpen(HttpClient.java:183)
	at org.springframework.http.client.HttpComponentsClientHttpRequest.executeInternal(HttpComponentsClientHttpRequest.java:99)
	at org.springframework.http.client.AbstractStreamingClientHttpRequest.executeInternal(AbstractStreamingClientHttpRequest.java:71)
	at org.springframework.http.client.AbstractClientHttpRequest.execute(AbstractClientHttpRequest.java:81)
	at org.springframework.http.client.InterceptingClientHttpRequest$InterceptingRequestExecution.execute(InterceptingClientHttpRequest.java:117)
	at org.springframework.cloud.netflix.eureka.http.RestTemplateTransportClientFactory.lambda$restTemplate$2(RestTemplateTransportClientFactory.java:145)
	at org.springframework.http.client.InterceptingClientHttpRequest$InterceptingRequestExecution.execute(InterceptingClientHttpRequest.java:88)
	at org.springframework.http.client.InterceptingClientHttpRequest.executeInternal(InterceptingClientHttpRequest.java:72)
	at org.springframework.http.client.AbstractBufferingClientHttpRequest.executeInternal(AbstractBufferingClientHttpRequest.java:48)
	at org.springframework.http.client.AbstractClientHttpRequest.execute(AbstractClientHttpRequest.java:81)
	at org.springframework.web.client.RestTemplate.doExecute(RestTemplate.java:900)
	... 22 more

23:02:48.189 [DiscoveryClient-InstanceInfoReplicator-%d] WARN  c.n.d.s.t.d.RetryableEurekaHttpClient - Request execution failed with message: I/O error on POST request for "http://localhost:8761/eureka/apps/NOTIFICATION-SERVICE": Connection reset
23:02:48.189 [DiscoveryClient-InstanceInfoReplicator-%d] WARN  c.netflix.discovery.DiscoveryClient - DiscoveryClient_NOTIFICATION-SERVICE/192.168.1.103:notification-service:8084 - registration failed Cannot execute request on any known server
com.netflix.discovery.shared.transport.TransportException: Cannot execute request on any known server
	at com.netflix.discovery.shared.transport.decorator.RetryableEurekaHttpClient.execute(RetryableEurekaHttpClient.java:112)
	at com.netflix.discovery.shared.transport.decorator.EurekaHttpClientDecorator.register(EurekaHttpClientDecorator.java:56)
	at com.netflix.discovery.shared.transport.decorator.EurekaHttpClientDecorator$1.execute(EurekaHttpClientDecorator.java:59)
	at com.netflix.discovery.shared.transport.decorator.SessionedEurekaHttpClient.execute(SessionedEurekaHttpClient.java:76)
	at com.netflix.discovery.shared.transport.decorator.EurekaHttpClientDecorator.register(EurekaHttpClientDecorator.java:56)
	at com.netflix.discovery.DiscoveryClient.register(DiscoveryClient.java:828)
	at com.netflix.discovery.InstanceInfoReplicator.run(InstanceInfoReplicator.java:125)
	at com.netflix.discovery.InstanceInfoReplicator$2.run(InstanceInfoReplicator.java:105)
	at java.base/java.util.concurrent.Executors$RunnableAdapter.call(Executors.java:545)
	at java.base/java.util.concurrent.FutureTask.run(FutureTask.java:328)
	at java.base/java.util.concurrent.ScheduledThreadPoolExecutor$ScheduledFutureTask.run(ScheduledThreadPoolExecutor.java:309)
	at java.base/java.util.concurrent.ThreadPoolExecutor.runWorker(ThreadPoolExecutor.java:1095)
	at java.base/java.util.concurrent.ThreadPoolExecutor$Worker.run(ThreadPoolExecutor.java:619)
	at java.base/java.lang.Thread.run(Thread.java:1447)
23:02:48.196 [DiscoveryClient-InstanceInfoReplicator-%d] WARN  c.n.discovery.InstanceInfoReplicator - There was a problem with the instance info replicator
com.netflix.discovery.shared.transport.TransportException: Cannot execute request on any known server
	at com.netflix.discovery.shared.transport.decorator.RetryableEurekaHttpClient.execute(RetryableEurekaHttpClient.java:112)
	at com.netflix.discovery.shared.transport.decorator.EurekaHttpClientDecorator.register(EurekaHttpClientDecorator.java:56)
	at com.netflix.discovery.shared.transport.decorator.EurekaHttpClientDecorator$1.execute(EurekaHttpClientDecorator.java:59)
	at com.netflix.discovery.shared.transport.decorator.SessionedEurekaHttpClient.execute(SessionedEurekaHttpClient.java:76)
	at com.netflix.discovery.shared.transport.decorator.EurekaHttpClientDecorator.register(EurekaHttpClientDecorator.java:56)
	at com.netflix.discovery.DiscoveryClient.register(DiscoveryClient.java:828)
	at com.netflix.discovery.InstanceInfoReplicator.run(InstanceInfoReplicator.java:125)
	at com.netflix.discovery.InstanceInfoReplicator$2.run(InstanceInfoReplicator.java:105)
	at java.base/java.util.concurrent.Executors$RunnableAdapter.call(Executors.java:545)
	at java.base/java.util.concurrent.FutureTask.run(FutureTask.java:328)
	at java.base/java.util.concurrent.ScheduledThreadPoolExecutor$ScheduledFutureTask.run(ScheduledThreadPoolExecutor.java:309)
	at java.base/java.util.concurrent.ThreadPoolExecutor.runWorker(ThreadPoolExecutor.java:1095)
	at java.base/java.util.concurrent.ThreadPoolExecutor$Worker.run(ThreadPoolExecutor.java:619)
	at java.base/java.lang.Thread.run(Thread.java:1447)
23:02:48.253 [main] WARN  o.a.k.clients.CommonClientConfigs - Disabling exponential reconnect backoff because reconnect.backoff.ms is set, but reconnect.backoff.max.ms is not.
23:02:48.255 [main] INFO  o.a.k.c.consumer.ConsumerConfig - ConsumerConfig values: 
	allow.auto.create.topics = true
	auto.commit.interval.ms = 5000
	auto.include.jmx.reporter = true
	auto.offset.reset = earliest
	bootstrap.servers = [localhost:9092]
	check.crcs = true
	client.dns.lookup = use_all_dns_ips
	client.id = consumer-notification-group-1
	client.rack = 
	connections.max.idle.ms = 540000
	default.api.timeout.ms = 60000
	enable.auto.commit = false
	enable.metrics.push = true
	exclude.internal.topics = true
	fetch.max.bytes = 52428800
	fetch.max.wait.ms = 500
	fetch.min.bytes = 1
	group.id = notification-group
	group.instance.id = null
	group.protocol = classic
	group.remote.assignor = null
	heartbeat.interval.ms = 10000
	interceptor.classes = []
	internal.leave.group.on.close = true
	internal.throw.on.fetch.stable.offset.unsupported = false
	isolation.level = read_committed
	key.deserializer = class org.apache.kafka.common.serialization.StringDeserializer
	max.partition.fetch.bytes = 1048576
	max.poll.interval.ms = 300000
	max.poll.records = 100
	metadata.max.age.ms = 300000
	metadata.recovery.strategy = none
	metric.reporters = []
	metrics.num.samples = 2
	metrics.recording.level = INFO
	metrics.sample.window.ms = 30000
	partition.assignment.strategy = [class org.apache.kafka.clients.consumer.RangeAssignor, class org.apache.kafka.clients.consumer.CooperativeStickyAssignor]
	receive.buffer.bytes = 65536
	reconnect.backoff.max.ms = 5000
	reconnect.backoff.ms = 5000
	request.timeout.ms = 30000
	retry.backoff.max.ms = 1000
	retry.backoff.ms = 1000
	sasl.client.callback.handler.class = null
	sasl.jaas.config = null
	sasl.kerberos.kinit.cmd = /usr/bin/kinit
	sasl.kerberos.min.time.before.relogin = 60000
	sasl.kerberos.service.name = null
	sasl.kerberos.ticket.renew.jitter = 0.05
	sasl.kerberos.ticket.renew.window.factor = 0.8
	sasl.login.callback.handler.class = null
	sasl.login.class = null
	sasl.login.connect.timeout.ms = null
	sasl.login.read.timeout.ms = null
	sasl.login.refresh.buffer.seconds = 300
	sasl.login.refresh.min.period.seconds = 60
	sasl.login.refresh.window.factor = 0.8
	sasl.login.refresh.window.jitter = 0.05
	sasl.login.retry.backoff.max.ms = 10000
	sasl.login.retry.backoff.ms = 100
	sasl.mechanism = GSSAPI
	sasl.oauthbearer.clock.skew.seconds = 30
	sasl.oauthbearer.expected.audience = null
	sasl.oauthbearer.expected.issuer = null
	sasl.oauthbearer.header.urlencode = false
	sasl.oauthbearer.jwks.endpoint.refresh.ms = 3600000
	sasl.oauthbearer.jwks.endpoint.retry.backoff.max.ms = 10000
	sasl.oauthbearer.jwks.endpoint.retry.backoff.ms = 100
	sasl.oauthbearer.jwks.endpoint.url = null
	sasl.oauthbearer.scope.claim.name = scope
	sasl.oauthbearer.sub.claim.name = sub
	sasl.oauthbearer.token.endpoint.url = null
	security.protocol = PLAINTEXT
	security.providers = null
	send.buffer.bytes = 131072
	session.timeout.ms = 30000
	socket.connection.setup.timeout.max.ms = 30000
	socket.connection.setup.timeout.ms = 10000
	ssl.cipher.suites = null
	ssl.enabled.protocols = [TLSv1.2, TLSv1.3]
	ssl.endpoint.identification.algorithm = https
	ssl.engine.factory.class = null
	ssl.key.password = null
	ssl.keymanager.algorithm = SunX509
	ssl.keystore.certificate.chain = null
	ssl.keystore.key = null
	ssl.keystore.location = null
	ssl.keystore.password = null
	ssl.keystore.type = JKS
	ssl.protocol = TLSv1.3
	ssl.provider = null
	ssl.secure.random.implementation = null
	ssl.trustmanager.algorithm = PKIX
	ssl.truststore.certificates = null
	ssl.truststore.location = null
	ssl.truststore.password = null
	ssl.truststore.type = JKS
	value.deserializer = class org.apache.kafka.common.serialization.StringDeserializer

23:02:48.556 [main] INFO  o.a.k.c.t.i.KafkaMetricsCollector - initializing Kafka metrics collector
23:02:49.915 [main] INFO  o.a.kafka.common.utils.AppInfoParser - Kafka version: 3.9.1
23:02:49.915 [main] INFO  o.a.kafka.common.utils.AppInfoParser - Kafka commitId: f745dfdcee2b9851
23:02:49.915 [main] INFO  o.a.kafka.common.utils.AppInfoParser - Kafka startTimeMs: 1750104169907
23:02:49.924 [main] INFO  o.a.k.c.c.i.ClassicKafkaConsumer - [Consumer clientId=consumer-notification-group-1, groupId=notification-group] Subscribed to topic(s): shipment-events
23:02:49.954 [main] WARN  o.a.k.clients.CommonClientConfigs - Disabling exponential reconnect backoff because reconnect.backoff.ms is set, but reconnect.backoff.max.ms is not.
23:02:49.956 [main] INFO  o.a.k.c.consumer.ConsumerConfig - ConsumerConfig values: 
	allow.auto.create.topics = true
	auto.commit.interval.ms = 5000
	auto.include.jmx.reporter = true
	auto.offset.reset = earliest
	bootstrap.servers = [localhost:9092]
	check.crcs = true
	client.dns.lookup = use_all_dns_ips
	client.id = consumer-notification-group-2
	client.rack = 
	connections.max.idle.ms = 540000
	default.api.timeout.ms = 60000
	enable.auto.commit = false
	enable.metrics.push = true
	exclude.internal.topics = true
	fetch.max.bytes = 52428800
	fetch.max.wait.ms = 500
	fetch.min.bytes = 1
	group.id = notification-group
	group.instance.id = null
	group.protocol = classic
	group.remote.assignor = null
	heartbeat.interval.ms = 10000
	interceptor.classes = []
	internal.leave.group.on.close = true
	internal.throw.on.fetch.stable.offset.unsupported = false
	isolation.level = read_committed
	key.deserializer = class org.apache.kafka.common.serialization.StringDeserializer
	max.partition.fetch.bytes = 1048576
	max.poll.interval.ms = 300000
	max.poll.records = 100
	metadata.max.age.ms = 300000
	metadata.recovery.strategy = none
	metric.reporters = []
	metrics.num.samples = 2
	metrics.recording.level = INFO
	metrics.sample.window.ms = 30000
	partition.assignment.strategy = [class org.apache.kafka.clients.consumer.RangeAssignor, class org.apache.kafka.clients.consumer.CooperativeStickyAssignor]
	receive.buffer.bytes = 65536
	reconnect.backoff.max.ms = 5000
	reconnect.backoff.ms = 5000
	request.timeout.ms = 30000
	retry.backoff.max.ms = 1000
	retry.backoff.ms = 1000
	sasl.client.callback.handler.class = null
	sasl.jaas.config = null
	sasl.kerberos.kinit.cmd = /usr/bin/kinit
	sasl.kerberos.min.time.before.relogin = 60000
	sasl.kerberos.service.name = null
	sasl.kerberos.ticket.renew.jitter = 0.05
	sasl.kerberos.ticket.renew.window.factor = 0.8
	sasl.login.callback.handler.class = null
	sasl.login.class = null
	sasl.login.connect.timeout.ms = null
	sasl.login.read.timeout.ms = null
	sasl.login.refresh.buffer.seconds = 300
	sasl.login.refresh.min.period.seconds = 60
	sasl.login.refresh.window.factor = 0.8
	sasl.login.refresh.window.jitter = 0.05
	sasl.login.retry.backoff.max.ms = 10000
	sasl.login.retry.backoff.ms = 100
	sasl.mechanism = GSSAPI
	sasl.oauthbearer.clock.skew.seconds = 30
	sasl.oauthbearer.expected.audience = null
	sasl.oauthbearer.expected.issuer = null
	sasl.oauthbearer.header.urlencode = false
	sasl.oauthbearer.jwks.endpoint.refresh.ms = 3600000
	sasl.oauthbearer.jwks.endpoint.retry.backoff.max.ms = 10000
	sasl.oauthbearer.jwks.endpoint.retry.backoff.ms = 100
	sasl.oauthbearer.jwks.endpoint.url = null
	sasl.oauthbearer.scope.claim.name = scope
	sasl.oauthbearer.sub.claim.name = sub
	sasl.oauthbearer.token.endpoint.url = null
	security.protocol = PLAINTEXT
	security.providers = null
	send.buffer.bytes = 131072
	session.timeout.ms = 30000
	socket.connection.setup.timeout.max.ms = 30000
	socket.connection.setup.timeout.ms = 10000
	ssl.cipher.suites = null
	ssl.enabled.protocols = [TLSv1.2, TLSv1.3]
	ssl.endpoint.identification.algorithm = https
	ssl.engine.factory.class = null
	ssl.key.password = null
	ssl.keymanager.algorithm = SunX509
	ssl.keystore.certificate.chain = null
	ssl.keystore.key = null
	ssl.keystore.location = null
	ssl.keystore.password = null
	ssl.keystore.type = JKS
	ssl.protocol = TLSv1.3
	ssl.provider = null
	ssl.secure.random.implementation = null
	ssl.trustmanager.algorithm = PKIX
	ssl.truststore.certificates = null
	ssl.truststore.location = null
	ssl.truststore.password = null
	ssl.truststore.type = JKS
	value.deserializer = class org.apache.kafka.common.serialization.StringDeserializer

23:02:49.958 [main] INFO  o.a.k.c.t.i.KafkaMetricsCollector - initializing Kafka metrics collector
23:02:50.037 [main] INFO  o.a.kafka.common.utils.AppInfoParser - Kafka version: 3.9.1
23:02:50.037 [main] INFO  o.a.kafka.common.utils.AppInfoParser - Kafka commitId: f745dfdcee2b9851
23:02:50.037 [main] INFO  o.a.kafka.common.utils.AppInfoParser - Kafka startTimeMs: 1750104170037
23:02:50.038 [main] INFO  o.a.k.c.c.i.ClassicKafkaConsumer - [Consumer clientId=consumer-notification-group-2, groupId=notification-group] Subscribed to topic(s): shipment-events
23:02:50.041 [main] WARN  o.a.k.clients.CommonClientConfigs - Disabling exponential reconnect backoff because reconnect.backoff.ms is set, but reconnect.backoff.max.ms is not.
23:02:50.042 [main] INFO  o.a.k.c.consumer.ConsumerConfig - ConsumerConfig values: 
	allow.auto.create.topics = true
	auto.commit.interval.ms = 5000
	auto.include.jmx.reporter = true
	auto.offset.reset = earliest
	bootstrap.servers = [localhost:9092]
	check.crcs = true
	client.dns.lookup = use_all_dns_ips
	client.id = consumer-notification-group-3
	client.rack = 
	connections.max.idle.ms = 540000
	default.api.timeout.ms = 60000
	enable.auto.commit = false
	enable.metrics.push = true
	exclude.internal.topics = true
	fetch.max.bytes = 52428800
	fetch.max.wait.ms = 500
	fetch.min.bytes = 1
	group.id = notification-group
	group.instance.id = null
	group.protocol = classic
	group.remote.assignor = null
	heartbeat.interval.ms = 10000
	interceptor.classes = []
	internal.leave.group.on.close = true
	internal.throw.on.fetch.stable.offset.unsupported = false
	isolation.level = read_committed
	key.deserializer = class org.apache.kafka.common.serialization.StringDeserializer
	max.partition.fetch.bytes = 1048576
	max.poll.interval.ms = 300000
	max.poll.records = 100
	metadata.max.age.ms = 300000
	metadata.recovery.strategy = none
	metric.reporters = []
	metrics.num.samples = 2
	metrics.recording.level = INFO
	metrics.sample.window.ms = 30000
	partition.assignment.strategy = [class org.apache.kafka.clients.consumer.RangeAssignor, class org.apache.kafka.clients.consumer.CooperativeStickyAssignor]
	receive.buffer.bytes = 65536
	reconnect.backoff.max.ms = 5000
	reconnect.backoff.ms = 5000
	request.timeout.ms = 30000
	retry.backoff.max.ms = 1000
	retry.backoff.ms = 1000
	sasl.client.callback.handler.class = null
	sasl.jaas.config = null
	sasl.kerberos.kinit.cmd = /usr/bin/kinit
	sasl.kerberos.min.time.before.relogin = 60000
	sasl.kerberos.service.name = null
	sasl.kerberos.ticket.renew.jitter = 0.05
	sasl.kerberos.ticket.renew.window.factor = 0.8
	sasl.login.callback.handler.class = null
	sasl.login.class = null
	sasl.login.connect.timeout.ms = null
	sasl.login.read.timeout.ms = null
	sasl.login.refresh.buffer.seconds = 300
	sasl.login.refresh.min.period.seconds = 60
	sasl.login.refresh.window.factor = 0.8
	sasl.login.refresh.window.jitter = 0.05
	sasl.login.retry.backoff.max.ms = 10000
	sasl.login.retry.backoff.ms = 100
	sasl.mechanism = GSSAPI
	sasl.oauthbearer.clock.skew.seconds = 30
	sasl.oauthbearer.expected.audience = null
	sasl.oauthbearer.expected.issuer = null
	sasl.oauthbearer.header.urlencode = false
	sasl.oauthbearer.jwks.endpoint.refresh.ms = 3600000
	sasl.oauthbearer.jwks.endpoint.retry.backoff.max.ms = 10000
	sasl.oauthbearer.jwks.endpoint.retry.backoff.ms = 100
	sasl.oauthbearer.jwks.endpoint.url = null
	sasl.oauthbearer.scope.claim.name = scope
	sasl.oauthbearer.sub.claim.name = sub
	sasl.oauthbearer.token.endpoint.url = null
	security.protocol = PLAINTEXT
	security.providers = null
	send.buffer.bytes = 131072
	session.timeout.ms = 30000
	socket.connection.setup.timeout.max.ms = 30000
	socket.connection.setup.timeout.ms = 10000
	ssl.cipher.suites = null
	ssl.enabled.protocols = [TLSv1.2, TLSv1.3]
	ssl.endpoint.identification.algorithm = https
	ssl.engine.factory.class = null
	ssl.key.password = null
	ssl.keymanager.algorithm = SunX509
	ssl.keystore.certificate.chain = null
	ssl.keystore.key = null
	ssl.keystore.location = null
	ssl.keystore.password = null
	ssl.keystore.type = JKS
	ssl.protocol = TLSv1.3
	ssl.provider = null
	ssl.secure.random.implementation = null
	ssl.trustmanager.algorithm = PKIX
	ssl.truststore.certificates = null
	ssl.truststore.location = null
	ssl.truststore.password = null
	ssl.truststore.type = JKS
	value.deserializer = class org.apache.kafka.common.serialization.StringDeserializer

23:02:50.042 [main] INFO  o.a.k.c.t.i.KafkaMetricsCollector - initializing Kafka metrics collector
23:02:50.077 [main] INFO  o.a.kafka.common.utils.AppInfoParser - Kafka version: 3.9.1
23:02:50.077 [main] INFO  o.a.kafka.common.utils.AppInfoParser - Kafka commitId: f745dfdcee2b9851
23:02:50.078 [main] INFO  o.a.kafka.common.utils.AppInfoParser - Kafka startTimeMs: 1750104170077
23:02:50.081 [main] INFO  o.a.k.c.c.i.ClassicKafkaConsumer - [Consumer clientId=consumer-notification-group-3, groupId=notification-group] Subscribed to topic(s): shipment-events
23:02:50.098 [main] WARN  o.a.k.clients.CommonClientConfigs - Disabling exponential reconnect backoff because reconnect.backoff.ms is set, but reconnect.backoff.max.ms is not.
23:02:50.106 [main] INFO  o.a.k.c.consumer.ConsumerConfig - ConsumerConfig values: 
	allow.auto.create.topics = true
	auto.commit.interval.ms = 5000
	auto.include.jmx.reporter = true
	auto.offset.reset = earliest
	bootstrap.servers = [localhost:9092]
	check.crcs = true
	client.dns.lookup = use_all_dns_ips
	client.id = consumer-notification-group-4
	client.rack = 
	connections.max.idle.ms = 540000
	default.api.timeout.ms = 60000
	enable.auto.commit = false
	enable.metrics.push = true
	exclude.internal.topics = true
	fetch.max.bytes = 52428800
	fetch.max.wait.ms = 500
	fetch.min.bytes = 1
	group.id = notification-group
	group.instance.id = null
	group.protocol = classic
	group.remote.assignor = null
	heartbeat.interval.ms = 10000
	interceptor.classes = []
	internal.leave.group.on.close = true
	internal.throw.on.fetch.stable.offset.unsupported = false
	isolation.level = read_committed
	key.deserializer = class org.apache.kafka.common.serialization.StringDeserializer
	max.partition.fetch.bytes = 1048576
	max.poll.interval.ms = 300000
	max.poll.records = 100
	metadata.max.age.ms = 300000
	metadata.recovery.strategy = none
	metric.reporters = []
	metrics.num.samples = 2
	metrics.recording.level = INFO
	metrics.sample.window.ms = 30000
	partition.assignment.strategy = [class org.apache.kafka.clients.consumer.RangeAssignor, class org.apache.kafka.clients.consumer.CooperativeStickyAssignor]
	receive.buffer.bytes = 65536
	reconnect.backoff.max.ms = 5000
	reconnect.backoff.ms = 5000
	request.timeout.ms = 30000
	retry.backoff.max.ms = 1000
	retry.backoff.ms = 1000
	sasl.client.callback.handler.class = null
	sasl.jaas.config = null
	sasl.kerberos.kinit.cmd = /usr/bin/kinit
	sasl.kerberos.min.time.before.relogin = 60000
	sasl.kerberos.service.name = null
	sasl.kerberos.ticket.renew.jitter = 0.05
	sasl.kerberos.ticket.renew.window.factor = 0.8
	sasl.login.callback.handler.class = null
	sasl.login.class = null
	sasl.login.connect.timeout.ms = null
	sasl.login.read.timeout.ms = null
	sasl.login.refresh.buffer.seconds = 300
	sasl.login.refresh.min.period.seconds = 60
	sasl.login.refresh.window.factor = 0.8
	sasl.login.refresh.window.jitter = 0.05
	sasl.login.retry.backoff.max.ms = 10000
	sasl.login.retry.backoff.ms = 100
	sasl.mechanism = GSSAPI
	sasl.oauthbearer.clock.skew.seconds = 30
	sasl.oauthbearer.expected.audience = null
	sasl.oauthbearer.expected.issuer = null
	sasl.oauthbearer.header.urlencode = false
	sasl.oauthbearer.jwks.endpoint.refresh.ms = 3600000
	sasl.oauthbearer.jwks.endpoint.retry.backoff.max.ms = 10000
	sasl.oauthbearer.jwks.endpoint.retry.backoff.ms = 100
	sasl.oauthbearer.jwks.endpoint.url = null
	sasl.oauthbearer.scope.claim.name = scope
	sasl.oauthbearer.sub.claim.name = sub
	sasl.oauthbearer.token.endpoint.url = null
	security.protocol = PLAINTEXT
	security.providers = null
	send.buffer.bytes = 131072
	session.timeout.ms = 30000
	socket.connection.setup.timeout.max.ms = 30000
	socket.connection.setup.timeout.ms = 10000
	ssl.cipher.suites = null
	ssl.enabled.protocols = [TLSv1.2, TLSv1.3]
	ssl.endpoint.identification.algorithm = https
	ssl.engine.factory.class = null
	ssl.key.password = null
	ssl.keymanager.algorithm = SunX509
	ssl.keystore.certificate.chain = null
	ssl.keystore.key = null
	ssl.keystore.location = null
	ssl.keystore.password = null
	ssl.keystore.type = JKS
	ssl.protocol = TLSv1.3
	ssl.provider = null
	ssl.secure.random.implementation = null
	ssl.trustmanager.algorithm = PKIX
	ssl.truststore.certificates = null
	ssl.truststore.location = null
	ssl.truststore.password = null
	ssl.truststore.type = JKS
	value.deserializer = class org.apache.kafka.common.serialization.StringDeserializer

23:02:50.106 [main] INFO  o.a.k.c.t.i.KafkaMetricsCollector - initializing Kafka metrics collector
23:02:50.223 [main] INFO  o.a.kafka.common.utils.AppInfoParser - Kafka version: 3.9.1
23:02:50.223 [main] INFO  o.a.kafka.common.utils.AppInfoParser - Kafka commitId: f745dfdcee2b9851
23:02:50.224 [main] INFO  o.a.kafka.common.utils.AppInfoParser - Kafka startTimeMs: 1750104170223
23:02:50.224 [main] INFO  o.a.k.c.c.i.ClassicKafkaConsumer - [Consumer clientId=consumer-notification-group-4, groupId=notification-group] Subscribed to topic(s): shipment-status-events
23:02:50.228 [main] WARN  o.a.k.clients.CommonClientConfigs - Disabling exponential reconnect backoff because reconnect.backoff.ms is set, but reconnect.backoff.max.ms is not.
23:02:50.230 [main] INFO  o.a.k.c.consumer.ConsumerConfig - ConsumerConfig values: 
	allow.auto.create.topics = true
	auto.commit.interval.ms = 5000
	auto.include.jmx.reporter = true
	auto.offset.reset = earliest
	bootstrap.servers = [localhost:9092]
	check.crcs = true
	client.dns.lookup = use_all_dns_ips
	client.id = consumer-notification-group-5
	client.rack = 
	connections.max.idle.ms = 540000
	default.api.timeout.ms = 60000
	enable.auto.commit = false
	enable.metrics.push = true
	exclude.internal.topics = true
	fetch.max.bytes = 52428800
	fetch.max.wait.ms = 500
	fetch.min.bytes = 1
	group.id = notification-group
	group.instance.id = null
	group.protocol = classic
	group.remote.assignor = null
	heartbeat.interval.ms = 10000
	interceptor.classes = []
	internal.leave.group.on.close = true
	internal.throw.on.fetch.stable.offset.unsupported = false
	isolation.level = read_committed
	key.deserializer = class org.apache.kafka.common.serialization.StringDeserializer
	max.partition.fetch.bytes = 1048576
	max.poll.interval.ms = 300000
	max.poll.records = 100
	metadata.max.age.ms = 300000
	metadata.recovery.strategy = none
	metric.reporters = []
	metrics.num.samples = 2
	metrics.recording.level = INFO
	metrics.sample.window.ms = 30000
	partition.assignment.strategy = [class org.apache.kafka.clients.consumer.RangeAssignor, class org.apache.kafka.clients.consumer.CooperativeStickyAssignor]
	receive.buffer.bytes = 65536
	reconnect.backoff.max.ms = 5000
	reconnect.backoff.ms = 5000
	request.timeout.ms = 30000
	retry.backoff.max.ms = 1000
	retry.backoff.ms = 1000
	sasl.client.callback.handler.class = null
	sasl.jaas.config = null
	sasl.kerberos.kinit.cmd = /usr/bin/kinit
	sasl.kerberos.min.time.before.relogin = 60000
	sasl.kerberos.service.name = null
	sasl.kerberos.ticket.renew.jitter = 0.05
	sasl.kerberos.ticket.renew.window.factor = 0.8
	sasl.login.callback.handler.class = null
	sasl.login.class = null
	sasl.login.connect.timeout.ms = null
	sasl.login.read.timeout.ms = null
	sasl.login.refresh.buffer.seconds = 300
	sasl.login.refresh.min.period.seconds = 60
	sasl.login.refresh.window.factor = 0.8
	sasl.login.refresh.window.jitter = 0.05
	sasl.login.retry.backoff.max.ms = 10000
	sasl.login.retry.backoff.ms = 100
	sasl.mechanism = GSSAPI
	sasl.oauthbearer.clock.skew.seconds = 30
	sasl.oauthbearer.expected.audience = null
	sasl.oauthbearer.expected.issuer = null
	sasl.oauthbearer.header.urlencode = false
	sasl.oauthbearer.jwks.endpoint.refresh.ms = 3600000
	sasl.oauthbearer.jwks.endpoint.retry.backoff.max.ms = 10000
	sasl.oauthbearer.jwks.endpoint.retry.backoff.ms = 100
	sasl.oauthbearer.jwks.endpoint.url = null
	sasl.oauthbearer.scope.claim.name = scope
	sasl.oauthbearer.sub.claim.name = sub
	sasl.oauthbearer.token.endpoint.url = null
	security.protocol = PLAINTEXT
	security.providers = null
	send.buffer.bytes = 131072
	session.timeout.ms = 30000
	socket.connection.setup.timeout.max.ms = 30000
	socket.connection.setup.timeout.ms = 10000
	ssl.cipher.suites = null
	ssl.enabled.protocols = [TLSv1.2, TLSv1.3]
	ssl.endpoint.identification.algorithm = https
	ssl.engine.factory.class = null
	ssl.key.password = null
	ssl.keymanager.algorithm = SunX509
	ssl.keystore.certificate.chain = null
	ssl.keystore.key = null
	ssl.keystore.location = null
	ssl.keystore.password = null
	ssl.keystore.type = JKS
	ssl.protocol = TLSv1.3
	ssl.provider = null
	ssl.secure.random.implementation = null
	ssl.trustmanager.algorithm = PKIX
	ssl.truststore.certificates = null
	ssl.truststore.location = null
	ssl.truststore.password = null
	ssl.truststore.type = JKS
	value.deserializer = class org.apache.kafka.common.serialization.StringDeserializer

23:02:50.232 [main] INFO  o.a.k.c.t.i.KafkaMetricsCollector - initializing Kafka metrics collector
23:02:50.299 [main] INFO  o.a.kafka.common.utils.AppInfoParser - Kafka version: 3.9.1
23:02:50.300 [main] INFO  o.a.kafka.common.utils.AppInfoParser - Kafka commitId: f745dfdcee2b9851
23:02:50.301 [main] INFO  o.a.kafka.common.utils.AppInfoParser - Kafka startTimeMs: 1750104170299
23:02:50.304 [main] INFO  o.a.k.c.c.i.ClassicKafkaConsumer - [Consumer clientId=consumer-notification-group-5, groupId=notification-group] Subscribed to topic(s): shipment-status-events
23:02:50.312 [main] WARN  o.a.k.clients.CommonClientConfigs - Disabling exponential reconnect backoff because reconnect.backoff.ms is set, but reconnect.backoff.max.ms is not.
23:02:50.317 [main] INFO  o.a.k.c.consumer.ConsumerConfig - ConsumerConfig values: 
	allow.auto.create.topics = true
	auto.commit.interval.ms = 5000
	auto.include.jmx.reporter = true
	auto.offset.reset = earliest
	bootstrap.servers = [localhost:9092]
	check.crcs = true
	client.dns.lookup = use_all_dns_ips
	client.id = consumer-notification-group-6
	client.rack = 
	connections.max.idle.ms = 540000
	default.api.timeout.ms = 60000
	enable.auto.commit = false
	enable.metrics.push = true
	exclude.internal.topics = true
	fetch.max.bytes = 52428800
	fetch.max.wait.ms = 500
	fetch.min.bytes = 1
	group.id = notification-group
	group.instance.id = null
	group.protocol = classic
	group.remote.assignor = null
	heartbeat.interval.ms = 10000
	interceptor.classes = []
	internal.leave.group.on.close = true
	internal.throw.on.fetch.stable.offset.unsupported = false
	isolation.level = read_committed
	key.deserializer = class org.apache.kafka.common.serialization.StringDeserializer
	max.partition.fetch.bytes = 1048576
	max.poll.interval.ms = 300000
	max.poll.records = 100
	metadata.max.age.ms = 300000
	metadata.recovery.strategy = none
	metric.reporters = []
	metrics.num.samples = 2
	metrics.recording.level = INFO
	metrics.sample.window.ms = 30000
	partition.assignment.strategy = [class org.apache.kafka.clients.consumer.RangeAssignor, class org.apache.kafka.clients.consumer.CooperativeStickyAssignor]
	receive.buffer.bytes = 65536
	reconnect.backoff.max.ms = 5000
	reconnect.backoff.ms = 5000
	request.timeout.ms = 30000
	retry.backoff.max.ms = 1000
	retry.backoff.ms = 1000
	sasl.client.callback.handler.class = null
	sasl.jaas.config = null
	sasl.kerberos.kinit.cmd = /usr/bin/kinit
	sasl.kerberos.min.time.before.relogin = 60000
	sasl.kerberos.service.name = null
	sasl.kerberos.ticket.renew.jitter = 0.05
	sasl.kerberos.ticket.renew.window.factor = 0.8
	sasl.login.callback.handler.class = null
	sasl.login.class = null
	sasl.login.connect.timeout.ms = null
	sasl.login.read.timeout.ms = null
	sasl.login.refresh.buffer.seconds = 300
	sasl.login.refresh.min.period.seconds = 60
	sasl.login.refresh.window.factor = 0.8
	sasl.login.refresh.window.jitter = 0.05
	sasl.login.retry.backoff.max.ms = 10000
	sasl.login.retry.backoff.ms = 100
	sasl.mechanism = GSSAPI
	sasl.oauthbearer.clock.skew.seconds = 30
	sasl.oauthbearer.expected.audience = null
	sasl.oauthbearer.expected.issuer = null
	sasl.oauthbearer.header.urlencode = false
	sasl.oauthbearer.jwks.endpoint.refresh.ms = 3600000
	sasl.oauthbearer.jwks.endpoint.retry.backoff.max.ms = 10000
	sasl.oauthbearer.jwks.endpoint.retry.backoff.ms = 100
	sasl.oauthbearer.jwks.endpoint.url = null
	sasl.oauthbearer.scope.claim.name = scope
	sasl.oauthbearer.sub.claim.name = sub
	sasl.oauthbearer.token.endpoint.url = null
	security.protocol = PLAINTEXT
	security.providers = null
	send.buffer.bytes = 131072
	session.timeout.ms = 30000
	socket.connection.setup.timeout.max.ms = 30000
	socket.connection.setup.timeout.ms = 10000
	ssl.cipher.suites = null
	ssl.enabled.protocols = [TLSv1.2, TLSv1.3]
	ssl.endpoint.identification.algorithm = https
	ssl.engine.factory.class = null
	ssl.key.password = null
	ssl.keymanager.algorithm = SunX509
	ssl.keystore.certificate.chain = null
	ssl.keystore.key = null
	ssl.keystore.location = null
	ssl.keystore.password = null
	ssl.keystore.type = JKS
	ssl.protocol = TLSv1.3
	ssl.provider = null
	ssl.secure.random.implementation = null
	ssl.trustmanager.algorithm = PKIX
	ssl.truststore.certificates = null
	ssl.truststore.location = null
	ssl.truststore.password = null
	ssl.truststore.type = JKS
	value.deserializer = class org.apache.kafka.common.serialization.StringDeserializer

23:02:50.319 [main] INFO  o.a.k.c.t.i.KafkaMetricsCollector - initializing Kafka metrics collector
23:02:50.333 [main] INFO  o.a.kafka.common.utils.AppInfoParser - Kafka version: 3.9.1
23:02:50.377 [main] INFO  o.a.kafka.common.utils.AppInfoParser - Kafka commitId: f745dfdcee2b9851
23:02:50.377 [main] INFO  o.a.kafka.common.utils.AppInfoParser - Kafka startTimeMs: 1750104170333
23:02:50.399 [main] INFO  o.a.k.c.c.i.ClassicKafkaConsumer - [Consumer clientId=consumer-notification-group-6, groupId=notification-group] Subscribed to topic(s): shipment-status-events
23:02:50.625 [main] INFO  c.c.n.NotificationServiceApplication - Started NotificationServiceApplication in 37.62 seconds (process running for 40.094)
23:02:53.418 [org.springframework.kafka.KafkaListenerEndpointContainer#1-2-C-1] INFO  org.apache.kafka.clients.Metadata - [Consumer clientId=consumer-notification-group-6, groupId=notification-group] Cluster ID: 2O0JfE1qS6mSKumIWUC0QA
23:02:53.418 [org.springframework.kafka.KafkaListenerEndpointContainer#1-1-C-1] INFO  org.apache.kafka.clients.Metadata - [Consumer clientId=consumer-notification-group-5, groupId=notification-group] Cluster ID: 2O0JfE1qS6mSKumIWUC0QA
23:02:53.418 [org.springframework.kafka.KafkaListenerEndpointContainer#0-0-C-1] INFO  org.apache.kafka.clients.Metadata - [Consumer clientId=consumer-notification-group-1, groupId=notification-group] Cluster ID: 2O0JfE1qS6mSKumIWUC0QA
23:02:53.418 [org.springframework.kafka.KafkaListenerEndpointContainer#1-0-C-1] INFO  org.apache.kafka.clients.Metadata - [Consumer clientId=consumer-notification-group-4, groupId=notification-group] Cluster ID: 2O0JfE1qS6mSKumIWUC0QA
23:02:53.449 [org.springframework.kafka.KafkaListenerEndpointContainer#0-1-C-1] INFO  org.apache.kafka.clients.Metadata - [Consumer clientId=consumer-notification-group-2, groupId=notification-group] Cluster ID: 2O0JfE1qS6mSKumIWUC0QA
23:02:53.463 [org.springframework.kafka.KafkaListenerEndpointContainer#0-2-C-1] INFO  org.apache.kafka.clients.Metadata - [Consumer clientId=consumer-notification-group-3, groupId=notification-group] Cluster ID: 2O0JfE1qS6mSKumIWUC0QA
23:02:53.493 [org.springframework.kafka.KafkaListenerEndpointContainer#1-1-C-1] INFO  o.a.k.c.c.i.ConsumerCoordinator - [Consumer clientId=consumer-notification-group-5, groupId=notification-group] Discovered group coordinator localhost:9092 (id: 2147482646 rack: null)
23:02:53.502 [org.springframework.kafka.KafkaListenerEndpointContainer#1-2-C-1] INFO  o.a.k.c.c.i.ConsumerCoordinator - [Consumer clientId=consumer-notification-group-6, groupId=notification-group] Discovered group coordinator localhost:9092 (id: 2147482646 rack: null)
23:02:53.503 [org.springframework.kafka.KafkaListenerEndpointContainer#0-0-C-1] INFO  o.a.k.c.c.i.ConsumerCoordinator - [Consumer clientId=consumer-notification-group-1, groupId=notification-group] Discovered group coordinator localhost:9092 (id: 2147482646 rack: null)
23:02:53.503 [org.springframework.kafka.KafkaListenerEndpointContainer#1-1-C-1] INFO  o.a.k.c.c.i.ConsumerCoordinator - [Consumer clientId=consumer-notification-group-5, groupId=notification-group] (Re-)joining group
23:02:53.506 [org.springframework.kafka.KafkaListenerEndpointContainer#1-2-C-1] INFO  o.a.k.c.c.i.ConsumerCoordinator - [Consumer clientId=consumer-notification-group-6, groupId=notification-group] (Re-)joining group
23:02:53.506 [org.springframework.kafka.KafkaListenerEndpointContainer#0-0-C-1] INFO  o.a.k.c.c.i.ConsumerCoordinator - [Consumer clientId=consumer-notification-group-1, groupId=notification-group] (Re-)joining group
23:02:53.552 [org.springframework.kafka.KafkaListenerEndpointContainer#1-0-C-1] INFO  o.a.k.c.c.i.ConsumerCoordinator - [Consumer clientId=consumer-notification-group-4, groupId=notification-group] Discovered group coordinator localhost:9092 (id: 2147482646 rack: null)
23:02:53.555 [org.springframework.kafka.KafkaListenerEndpointContainer#1-0-C-1] INFO  o.a.k.c.c.i.ConsumerCoordinator - [Consumer clientId=consumer-notification-group-4, groupId=notification-group] (Re-)joining group
23:02:53.605 [org.springframework.kafka.KafkaListenerEndpointContainer#0-1-C-1] INFO  o.a.k.c.c.i.ConsumerCoordinator - [Consumer clientId=consumer-notification-group-2, groupId=notification-group] Discovered group coordinator localhost:9092 (id: 2147482646 rack: null)
23:02:53.608 [org.springframework.kafka.KafkaListenerEndpointContainer#0-1-C-1] INFO  o.a.k.c.c.i.ConsumerCoordinator - [Consumer clientId=consumer-notification-group-2, groupId=notification-group] (Re-)joining group
23:02:53.729 [org.springframework.kafka.KafkaListenerEndpointContainer#0-2-C-1] INFO  o.a.k.c.c.i.ConsumerCoordinator - [Consumer clientId=consumer-notification-group-3, groupId=notification-group] Discovered group coordinator localhost:9092 (id: 2147482646 rack: null)
23:02:53.732 [org.springframework.kafka.KafkaListenerEndpointContainer#0-2-C-1] INFO  o.a.k.c.c.i.ConsumerCoordinator - [Consumer clientId=consumer-notification-group-3, groupId=notification-group] (Re-)joining group
23:02:53.901 [org.springframework.kafka.KafkaListenerEndpointContainer#0-0-C-1] INFO  o.a.k.c.c.i.ConsumerCoordinator - [Consumer clientId=consumer-notification-group-1, groupId=notification-group] Request joining group due to: need to re-join with the given member-id: consumer-notification-group-1-060a7a45-ce73-47d8-af8e-c4ae286272d6
23:02:53.902 [org.springframework.kafka.KafkaListenerEndpointContainer#0-0-C-1] INFO  o.a.k.c.c.i.ConsumerCoordinator - [Consumer clientId=consumer-notification-group-1, groupId=notification-group] (Re-)joining group
23:02:53.908 [org.springframework.kafka.KafkaListenerEndpointContainer#1-0-C-1] INFO  o.a.k.c.c.i.ConsumerCoordinator - [Consumer clientId=consumer-notification-group-4, groupId=notification-group] Request joining group due to: need to re-join with the given member-id: consumer-notification-group-4-4aa801ce-10be-4b66-8f8b-0b9780205eec
23:02:53.909 [org.springframework.kafka.KafkaListenerEndpointContainer#1-0-C-1] INFO  o.a.k.c.c.i.ConsumerCoordinator - [Consumer clientId=consumer-notification-group-4, groupId=notification-group] (Re-)joining group
23:02:53.953 [org.springframework.kafka.KafkaListenerEndpointContainer#0-1-C-1] INFO  o.a.k.c.c.i.ConsumerCoordinator - [Consumer clientId=consumer-notification-group-2, groupId=notification-group] Request joining group due to: need to re-join with the given member-id: consumer-notification-group-2-d65a5b71-f973-4d05-8a81-6e5e000b5188
23:02:53.954 [org.springframework.kafka.KafkaListenerEndpointContainer#0-1-C-1] INFO  o.a.k.c.c.i.ConsumerCoordinator - [Consumer clientId=consumer-notification-group-2, groupId=notification-group] (Re-)joining group
23:02:54.022 [org.springframework.kafka.KafkaListenerEndpointContainer#1-1-C-1] INFO  o.a.k.c.c.i.ConsumerCoordinator - [Consumer clientId=consumer-notification-group-5, groupId=notification-group] Request joining group due to: need to re-join with the given member-id: consumer-notification-group-5-c377e798-b90d-4ece-8b61-959ac47dd467
23:02:54.023 [org.springframework.kafka.KafkaListenerEndpointContainer#1-1-C-1] INFO  o.a.k.c.c.i.ConsumerCoordinator - [Consumer clientId=consumer-notification-group-5, groupId=notification-group] (Re-)joining group
23:02:54.025 [org.springframework.kafka.KafkaListenerEndpointContainer#1-2-C-1] INFO  o.a.k.c.c.i.ConsumerCoordinator - [Consumer clientId=consumer-notification-group-6, groupId=notification-group] Request joining group due to: need to re-join with the given member-id: consumer-notification-group-6-2953fff8-3698-42de-99fc-b58ac0875c60
23:02:54.026 [org.springframework.kafka.KafkaListenerEndpointContainer#1-2-C-1] INFO  o.a.k.c.c.i.ConsumerCoordinator - [Consumer clientId=consumer-notification-group-6, groupId=notification-group] (Re-)joining group
23:02:54.029 [org.springframework.kafka.KafkaListenerEndpointContainer#0-2-C-1] INFO  o.a.k.c.c.i.ConsumerCoordinator - [Consumer clientId=consumer-notification-group-3, groupId=notification-group] Request joining group due to: need to re-join with the given member-id: consumer-notification-group-3-a43d7d10-f777-4de1-a3cb-6e42e32d967c
23:02:54.031 [org.springframework.kafka.KafkaListenerEndpointContainer#0-2-C-1] INFO  o.a.k.c.c.i.ConsumerCoordinator - [Consumer clientId=consumer-notification-group-3, groupId=notification-group] (Re-)joining group
23:02:57.048 [org.springframework.kafka.KafkaListenerEndpointContainer#1-0-C-1] INFO  o.a.k.c.c.i.ConsumerCoordinator - [Consumer clientId=consumer-notification-group-4, groupId=notification-group] Successfully joined group with generation Generation{generationId=9, memberId='consumer-notification-group-4-4aa801ce-10be-4b66-8f8b-0b9780205eec', protocol='range'}
23:02:57.059 [org.springframework.kafka.KafkaListenerEndpointContainer#0-1-C-1] INFO  o.a.k.c.c.i.ConsumerCoordinator - [Consumer clientId=consumer-notification-group-2, groupId=notification-group] Successfully joined group with generation Generation{generationId=9, memberId='consumer-notification-group-2-d65a5b71-f973-4d05-8a81-6e5e000b5188', protocol='range'}
23:02:57.065 [org.springframework.kafka.KafkaListenerEndpointContainer#1-2-C-1] INFO  o.a.k.c.c.i.ConsumerCoordinator - [Consumer clientId=consumer-notification-group-6, groupId=notification-group] Successfully joined group with generation Generation{generationId=9, memberId='consumer-notification-group-6-2953fff8-3698-42de-99fc-b58ac0875c60', protocol='range'}
23:02:57.089 [org.springframework.kafka.KafkaListenerEndpointContainer#0-0-C-1] INFO  o.a.k.c.c.i.ConsumerCoordinator - [Consumer clientId=consumer-notification-group-1, groupId=notification-group] Successfully joined group with generation Generation{generationId=9, memberId='consumer-notification-group-1-060a7a45-ce73-47d8-af8e-c4ae286272d6', protocol='range'}
23:02:57.092 [org.springframework.kafka.KafkaListenerEndpointContainer#0-2-C-1] INFO  o.a.k.c.c.i.ConsumerCoordinator - [Consumer clientId=consumer-notification-group-3, groupId=notification-group] Successfully joined group with generation Generation{generationId=9, memberId='consumer-notification-group-3-a43d7d10-f777-4de1-a3cb-6e42e32d967c', protocol='range'}
23:02:57.096 [org.springframework.kafka.KafkaListenerEndpointContainer#1-1-C-1] INFO  o.a.k.c.c.i.ConsumerCoordinator - [Consumer clientId=consumer-notification-group-5, groupId=notification-group] Successfully joined group with generation Generation{generationId=9, memberId='consumer-notification-group-5-c377e798-b90d-4ece-8b61-959ac47dd467', protocol='range'}
23:02:57.164 [org.springframework.kafka.KafkaListenerEndpointContainer#0-0-C-1] INFO  o.a.k.c.c.i.ConsumerCoordinator - [Consumer clientId=consumer-notification-group-1, groupId=notification-group] Finished assignment for group at generation 9: {consumer-notification-group-4-4aa801ce-10be-4b66-8f8b-0b9780205eec=Assignment(partitions=[shipment-status-events-0]), consumer-notification-group-2-d65a5b71-f973-4d05-8a81-6e5e000b5188=Assignment(partitions=[]), consumer-notification-group-6-2953fff8-3698-42de-99fc-b58ac0875c60=Assignment(partitions=[]), consumer-notification-group-3-a43d7d10-f777-4de1-a3cb-6e42e32d967c=Assignment(partitions=[]), consumer-notification-group-1-060a7a45-ce73-47d8-af8e-c4ae286272d6=Assignment(partitions=[shipment-events-0]), consumer-notification-group-5-c377e798-b90d-4ece-8b61-959ac47dd467=Assignment(partitions=[])}
23:02:57.245 [org.springframework.kafka.KafkaListenerEndpointContainer#1-0-C-1] INFO  o.a.k.c.c.i.ConsumerCoordinator - [Consumer clientId=consumer-notification-group-4, groupId=notification-group] Successfully synced group in generation Generation{generationId=9, memberId='consumer-notification-group-4-4aa801ce-10be-4b66-8f8b-0b9780205eec', protocol='range'}
23:02:57.246 [org.springframework.kafka.KafkaListenerEndpointContainer#1-0-C-1] INFO  o.a.k.c.c.i.ConsumerCoordinator - [Consumer clientId=consumer-notification-group-4, groupId=notification-group] Notifying assignor about the new Assignment(partitions=[shipment-status-events-0])
23:02:57.251 [org.springframework.kafka.KafkaListenerEndpointContainer#0-1-C-1] INFO  o.a.k.c.c.i.ConsumerCoordinator - [Consumer clientId=consumer-notification-group-2, groupId=notification-group] Successfully synced group in generation Generation{generationId=9, memberId='consumer-notification-group-2-d65a5b71-f973-4d05-8a81-6e5e000b5188', protocol='range'}
23:02:57.251 [org.springframework.kafka.KafkaListenerEndpointContainer#0-1-C-1] INFO  o.a.k.c.c.i.ConsumerCoordinator - [Consumer clientId=consumer-notification-group-2, groupId=notification-group] Notifying assignor about the new Assignment(partitions=[])
23:02:57.252 [org.springframework.kafka.KafkaListenerEndpointContainer#0-1-C-1] INFO  o.a.k.c.c.i.ConsumerRebalanceListenerInvoker - [Consumer clientId=consumer-notification-group-2, groupId=notification-group] Adding newly assigned partitions: 
23:02:57.253 [org.springframework.kafka.KafkaListenerEndpointContainer#1-0-C-1] INFO  o.a.k.c.c.i.ConsumerRebalanceListenerInvoker - [Consumer clientId=consumer-notification-group-4, groupId=notification-group] Adding newly assigned partitions: shipment-status-events-0
23:02:57.254 [org.springframework.kafka.KafkaListenerEndpointContainer#0-1-C-1] INFO  o.s.k.l.KafkaMessageListenerContainer - notification-group: partitions assigned: []
23:02:57.258 [org.springframework.kafka.KafkaListenerEndpointContainer#1-1-C-1] INFO  o.a.k.c.c.i.ConsumerCoordinator - [Consumer clientId=consumer-notification-group-5, groupId=notification-group] Successfully synced group in generation Generation{generationId=9, memberId='consumer-notification-group-5-c377e798-b90d-4ece-8b61-959ac47dd467', protocol='range'}
23:02:57.258 [org.springframework.kafka.KafkaListenerEndpointContainer#1-1-C-1] INFO  o.a.k.c.c.i.ConsumerCoordinator - [Consumer clientId=consumer-notification-group-5, groupId=notification-group] Notifying assignor about the new Assignment(partitions=[])
23:02:57.258 [org.springframework.kafka.KafkaListenerEndpointContainer#1-1-C-1] INFO  o.a.k.c.c.i.ConsumerRebalanceListenerInvoker - [Consumer clientId=consumer-notification-group-5, groupId=notification-group] Adding newly assigned partitions: 
23:02:57.259 [org.springframework.kafka.KafkaListenerEndpointContainer#1-1-C-1] INFO  o.s.k.l.KafkaMessageListenerContainer - notification-group: partitions assigned: []
23:02:57.263 [org.springframework.kafka.KafkaListenerEndpointContainer#0-0-C-1] INFO  o.a.k.c.c.i.ConsumerCoordinator - [Consumer clientId=consumer-notification-group-1, groupId=notification-group] Successfully synced group in generation Generation{generationId=9, memberId='consumer-notification-group-1-060a7a45-ce73-47d8-af8e-c4ae286272d6', protocol='range'}
23:02:57.264 [org.springframework.kafka.KafkaListenerEndpointContainer#0-0-C-1] INFO  o.a.k.c.c.i.ConsumerCoordinator - [Consumer clientId=consumer-notification-group-1, groupId=notification-group] Notifying assignor about the new Assignment(partitions=[shipment-events-0])
23:02:57.265 [org.springframework.kafka.KafkaListenerEndpointContainer#0-0-C-1] INFO  o.a.k.c.c.i.ConsumerRebalanceListenerInvoker - [Consumer clientId=consumer-notification-group-1, groupId=notification-group] Adding newly assigned partitions: shipment-events-0
23:02:57.266 [org.springframework.kafka.KafkaListenerEndpointContainer#1-2-C-1] INFO  o.a.k.c.c.i.ConsumerCoordinator - [Consumer clientId=consumer-notification-group-6, groupId=notification-group] Successfully synced group in generation Generation{generationId=9, memberId='consumer-notification-group-6-2953fff8-3698-42de-99fc-b58ac0875c60', protocol='range'}
23:02:57.266 [org.springframework.kafka.KafkaListenerEndpointContainer#0-2-C-1] INFO  o.a.k.c.c.i.ConsumerCoordinator - [Consumer clientId=consumer-notification-group-3, groupId=notification-group] Successfully synced group in generation Generation{generationId=9, memberId='consumer-notification-group-3-a43d7d10-f777-4de1-a3cb-6e42e32d967c', protocol='range'}
23:02:57.267 [org.springframework.kafka.KafkaListenerEndpointContainer#1-2-C-1] INFO  o.a.k.c.c.i.ConsumerCoordinator - [Consumer clientId=consumer-notification-group-6, groupId=notification-group] Notifying assignor about the new Assignment(partitions=[])
23:02:57.267 [org.springframework.kafka.KafkaListenerEndpointContainer#0-2-C-1] INFO  o.a.k.c.c.i.ConsumerCoordinator - [Consumer clientId=consumer-notification-group-3, groupId=notification-group] Notifying assignor about the new Assignment(partitions=[])
23:02:57.267 [org.springframework.kafka.KafkaListenerEndpointContainer#1-2-C-1] INFO  o.a.k.c.c.i.ConsumerRebalanceListenerInvoker - [Consumer clientId=consumer-notification-group-6, groupId=notification-group] Adding newly assigned partitions: 
23:02:57.267 [org.springframework.kafka.KafkaListenerEndpointContainer#0-2-C-1] INFO  o.a.k.c.c.i.ConsumerRebalanceListenerInvoker - [Consumer clientId=consumer-notification-group-3, groupId=notification-group] Adding newly assigned partitions: 
23:02:57.267 [org.springframework.kafka.KafkaListenerEndpointContainer#1-2-C-1] INFO  o.s.k.l.KafkaMessageListenerContainer - notification-group: partitions assigned: []
23:02:57.267 [org.springframework.kafka.KafkaListenerEndpointContainer#0-2-C-1] INFO  o.s.k.l.KafkaMessageListenerContainer - notification-group: partitions assigned: []
23:02:57.328 [org.springframework.kafka.KafkaListenerEndpointContainer#1-0-C-1] INFO  o.a.k.c.c.i.ConsumerCoordinator - [Consumer clientId=consumer-notification-group-4, groupId=notification-group] Found no committed offset for partition shipment-status-events-0
23:02:57.329 [org.springframework.kafka.KafkaListenerEndpointContainer#0-0-C-1] INFO  o.a.k.c.c.i.ConsumerCoordinator - [Consumer clientId=consumer-notification-group-1, groupId=notification-group] Found no committed offset for partition shipment-events-0
23:02:57.448 [org.springframework.kafka.KafkaListenerEndpointContainer#1-0-C-1] INFO  o.a.k.c.c.i.SubscriptionState - [Consumer clientId=consumer-notification-group-4, groupId=notification-group] Resetting offset for partition shipment-status-events-0 to position FetchPosition{offset=0, offsetEpoch=Optional.empty, currentLeader=LeaderAndEpoch{leader=Optional[localhost:9092 (id: 1001 rack: null)], epoch=0}}.
23:02:57.450 [org.springframework.kafka.KafkaListenerEndpointContainer#1-0-C-1] INFO  o.s.k.l.KafkaMessageListenerContainer - notification-group: partitions assigned: [shipment-status-events-0]
23:02:57.450 [org.springframework.kafka.KafkaListenerEndpointContainer#0-0-C-1] INFO  o.a.k.c.c.i.SubscriptionState - [Consumer clientId=consumer-notification-group-1, groupId=notification-group] Resetting offset for partition shipment-events-0 to position FetchPosition{offset=0, offsetEpoch=Optional.empty, currentLeader=LeaderAndEpoch{leader=Optional[localhost:9092 (id: 1001 rack: null)], epoch=0}}.
23:02:57.451 [org.springframework.kafka.KafkaListenerEndpointContainer#0-0-C-1] INFO  o.s.k.l.KafkaMessageListenerContainer - notification-group: partitions assigned: [shipment-events-0]
23:03:04.665 [http-nio-8084-exec-1] INFO  o.a.c.c.C.[Tomcat].[localhost].[/] - Initializing Spring DispatcherServlet 'dispatcherServlet'
23:03:04.669 [http-nio-8084-exec-1] INFO  o.s.web.servlet.DispatcherServlet - Initializing Servlet 'dispatcherServlet'
23:03:04.679 [http-nio-8084-exec-1] INFO  o.s.web.servlet.DispatcherServlet - Completed initialization in 9 ms
23:03:18.003 [DiscoveryClient-CacheRefreshExecutor-%d] INFO  c.netflix.discovery.DiscoveryClient - Disable delta property : false
23:03:18.004 [DiscoveryClient-CacheRefreshExecutor-%d] INFO  c.netflix.discovery.DiscoveryClient - Single vip registry refresh property : null
23:03:18.004 [DiscoveryClient-CacheRefreshExecutor-%d] INFO  c.netflix.discovery.DiscoveryClient - Force full registry fetch : false
23:03:18.004 [DiscoveryClient-CacheRefreshExecutor-%d] INFO  c.netflix.discovery.DiscoveryClient - Application is null : false
23:03:18.004 [DiscoveryClient-CacheRefreshExecutor-%d] INFO  c.netflix.discovery.DiscoveryClient - Registered Applications size is zero : true
23:03:18.004 [DiscoveryClient-CacheRefreshExecutor-%d] INFO  c.netflix.discovery.DiscoveryClient - Application version is -1: true
23:03:18.004 [DiscoveryClient-CacheRefreshExecutor-%d] INFO  c.netflix.discovery.DiscoveryClient - Getting all instance registry info from the eureka server
23:03:18.089 [DiscoveryClient-CacheRefreshExecutor-%d] INFO  c.netflix.discovery.DiscoveryClient - The response status is 200
23:03:18.116 [DiscoveryClient-HeartbeatExecutor-%d] INFO  c.netflix.discovery.DiscoveryClient - DiscoveryClient_NOTIFICATION-SERVICE/192.168.1.103:notification-service:8084 - Re-registering apps/NOTIFICATION-SERVICE
23:03:18.116 [DiscoveryClient-HeartbeatExecutor-%d] INFO  c.netflix.discovery.DiscoveryClient - DiscoveryClient_NOTIFICATION-SERVICE/192.168.1.103:notification-service:8084: registering service...
23:03:18.156 [DiscoveryClient-HeartbeatExecutor-%d] INFO  c.netflix.discovery.DiscoveryClient - DiscoveryClient_NOTIFICATION-SERVICE/192.168.1.103:notification-service:8084 - registration status: 204
23:03:48.098 [DiscoveryClient-CacheRefreshExecutor-%d] INFO  c.netflix.discovery.DiscoveryClient - Disable delta property : false
23:03:48.099 [DiscoveryClient-CacheRefreshExecutor-%d] INFO  c.netflix.discovery.DiscoveryClient - Single vip registry refresh property : null
23:03:48.099 [DiscoveryClient-CacheRefreshExecutor-%d] INFO  c.netflix.discovery.DiscoveryClient - Force full registry fetch : false
23:03:48.099 [DiscoveryClient-CacheRefreshExecutor-%d] INFO  c.netflix.discovery.DiscoveryClient - Application is null : false
23:03:48.099 [DiscoveryClient-CacheRefreshExecutor-%d] INFO  c.netflix.discovery.DiscoveryClient - Registered Applications size is zero : true
23:03:48.099 [DiscoveryClient-CacheRefreshExecutor-%d] INFO  c.netflix.discovery.DiscoveryClient - Application version is -1: false
23:03:48.099 [DiscoveryClient-CacheRefreshExecutor-%d] INFO  c.netflix.discovery.DiscoveryClient - Getting all instance registry info from the eureka server
23:03:48.124 [DiscoveryClient-CacheRefreshExecutor-%d] INFO  c.netflix.discovery.DiscoveryClient - The response status is 200
23:03:50.959 [http-nio-8084-exec-5] INFO  o.s.api.AbstractOpenApiResource - Init duration for springdoc-openapi is: 424 ms
23:04:01.478 [http-nio-8084-exec-6] INFO  c.c.n.c.NotificationController - 📋 User notifications retrieved: userId=123123, count=0
23:04:01.479 [http-nio-8084-exec-6] WARN  o.s.d.w.c.SpringDataJacksonConfiguration$PageModule$WarningLoggingModifier - Serializing PageImpl instances as-is is not supported, meaning that there is no guarantee about the stability of the resulting JSON structure!
	For a stable JSON structure, please use Spring Data's PagedModel (globally via @EnableSpringDataWebSupport(pageSerializationMode = VIA_DTO))
	or Spring HATEOAS and Spring Data's PagedResourcesAssembler as documented in https://docs.spring.io/spring-data/commons/reference/repositories/core-extensions.html#core.web.pageables.

23:04:20.878 [http-nio-8084-exec-7] DEBUG c.c.n.client.UserServiceClient - 👤 Checking user existence: userId=123123, url=http://localhost:8081/api/users/123123
23:04:20.890 [http-nio-8084-exec-7] WARN  c.c.n.client.UserServiceClient - ⚠️ User service unavailable or user not found: userId=123123, error=I/O error on GET request for "http://localhost:8081/api/users/123123": Connection refused
23:04:20.891 [http-nio-8084-exec-7] ERROR c.c.n.c.NotificationController - ❌ User not found: userId=123123, error=User not found with ID: 123123
23:04:31.496 [http-nio-8084-exec-8] DEBUG c.c.n.client.UserServiceClient - 👤 Checking user existence: userId=1, url=http://localhost:8081/api/users/1
23:04:31.497 [http-nio-8084-exec-8] WARN  c.c.n.client.UserServiceClient - ⚠️ User service unavailable or user not found: userId=1, error=I/O error on GET request for "http://localhost:8081/api/users/1": Connection refused
23:04:31.497 [http-nio-8084-exec-8] ERROR c.c.n.c.NotificationController - ❌ User not found: userId=1, error=User not found with ID: 1
23:06:54.954 [http-nio-8084-exec-4] INFO  o.s.api.AbstractOpenApiResource - Init duration for springdoc-openapi is: 188 ms
23:07:46.440 [AsyncResolver-bootstrap-executor-%d] INFO  c.n.d.s.r.aws.ConfigClusterResolver - Resolving eureka endpoints via configuration
23:09:57.645 [http-nio-8084-exec-10] INFO  c.c.n.c.NotificationController - 📤 Manual notification request: userId=string, type=string, subject=string
23:09:57.656 [http-nio-8084-exec-10] INFO  c.c.n.service.NotificationService - 📤 Sending manual notification: userId=string, type=string, subject=string
23:09:57.656 [http-nio-8084-exec-10] ERROR c.c.n.service.NotificationService - ❌ Validation error: For input string: "string"
23:09:57.657 [http-nio-8084-exec-10] ERROR c.c.n.c.NotificationController - ❌ Validation error: For input string: "string"
23:12:46.456 [AsyncResolver-bootstrap-executor-%d] INFO  c.n.d.s.r.aws.ConfigClusterResolver - Resolving eureka endpoints via configuration
23:13:00.171 [http-nio-8084-exec-9] INFO  c.c.n.c.NotificationController - 📤 Manual notification request: userId=1, type=EMAIL, subject=Swagger Test Bildirimi
23:13:00.176 [http-nio-8084-exec-9] INFO  c.c.n.service.NotificationService - 📤 Sending manual notification: userId=1, type=EMAIL, subject=Swagger Test Bildirimi
23:13:00.184 [http-nio-8084-exec-9] INFO  c.c.n.client.UserServiceClient - 🔍 User service'den user bilgisi alınıyor: 1
23:13:00.190 [http-nio-8084-exec-9] ERROR c.c.n.client.UserServiceClient - ❌ User service bağlantı hatası - User ID: 1
org.springframework.web.client.ResourceAccessException: I/O error on GET request for "http://localhost:8081/api/users/1": Connection refused
	at org.springframework.web.client.RestTemplate.createResourceAccessException(RestTemplate.java:926)
	at org.springframework.web.client.RestTemplate.doExecute(RestTemplate.java:906)
	at org.springframework.web.client.RestTemplate.execute(RestTemplate.java:801)
	at org.springframework.web.client.RestTemplate.getForObject(RestTemplate.java:415)
	at com.cargotracking.notification_service.client.UserServiceClient.getUserById(UserServiceClient.java:32)
	at com.cargotracking.notification_service.client.UserServiceClient.getUserEmail(UserServiceClient.java:73)
	at com.cargotracking.notification_service.service.NotificationService.sendManualNotification(NotificationService.java:128)
	at java.base/jdk.internal.reflect.DirectMethodHandleAccessor.invoke(DirectMethodHandleAccessor.java:104)
	at java.base/java.lang.reflect.Method.invoke(Method.java:565)
	at org.springframework.aop.support.AopUtils.invokeJoinpointUsingReflection(AopUtils.java:359)
	at org.springframework.aop.framework.CglibAopProxy$DynamicAdvisedInterceptor.intercept(CglibAopProxy.java:724)
	at com.cargotracking.notification_service.service.NotificationService$$SpringCGLIB$$0.sendManualNotification(<generated>)
	at com.cargotracking.notification_service.controller.NotificationController.sendManualNotification(NotificationController.java:111)
	at java.base/jdk.internal.reflect.DirectMethodHandleAccessor.invoke(DirectMethodHandleAccessor.java:104)
	at java.base/java.lang.reflect.Method.invoke(Method.java:565)
	at org.springframework.web.method.support.InvocableHandlerMethod.doInvoke(InvocableHandlerMethod.java:258)
	at org.springframework.web.method.support.InvocableHandlerMethod.invokeForRequest(InvocableHandlerMethod.java:191)
	at org.springframework.web.servlet.mvc.method.annotation.ServletInvocableHandlerMethod.invokeAndHandle(ServletInvocableHandlerMethod.java:118)
	at org.springframework.web.servlet.mvc.method.annotation.RequestMappingHandlerAdapter.invokeHandlerMethod(RequestMappingHandlerAdapter.java:986)
	at org.springframework.web.servlet.mvc.method.annotation.RequestMappingHandlerAdapter.handleInternal(RequestMappingHandlerAdapter.java:891)
	at org.springframework.web.servlet.mvc.method.AbstractHandlerMethodAdapter.handle(AbstractHandlerMethodAdapter.java:87)
	at org.springframework.web.servlet.DispatcherServlet.doDispatch(DispatcherServlet.java:1089)
	at org.springframework.web.servlet.DispatcherServlet.doService(DispatcherServlet.java:979)
	at org.springframework.web.servlet.FrameworkServlet.processRequest(FrameworkServlet.java:1014)
	at org.springframework.web.servlet.FrameworkServlet.doPost(FrameworkServlet.java:914)
	at jakarta.servlet.http.HttpServlet.service(HttpServlet.java:590)
	at org.springframework.web.servlet.FrameworkServlet.service(FrameworkServlet.java:885)
	at jakarta.servlet.http.HttpServlet.service(HttpServlet.java:658)
	at org.apache.catalina.core.ApplicationFilterChain.internalDoFilter(ApplicationFilterChain.java:195)
	at org.apache.catalina.core.ApplicationFilterChain.doFilter(ApplicationFilterChain.java:140)
	at org.apache.tomcat.websocket.server.WsFilter.doFilter(WsFilter.java:51)
	at org.apache.catalina.core.ApplicationFilterChain.internalDoFilter(ApplicationFilterChain.java:164)
	at org.apache.catalina.core.ApplicationFilterChain.doFilter(ApplicationFilterChain.java:140)
	at org.springframework.web.filter.RequestContextFilter.doFilterInternal(RequestContextFilter.java:100)
	at org.springframework.web.filter.OncePerRequestFilter.doFilter(OncePerRequestFilter.java:116)
	at org.apache.catalina.core.ApplicationFilterChain.internalDoFilter(ApplicationFilterChain.java:164)
	at org.apache.catalina.core.ApplicationFilterChain.doFilter(ApplicationFilterChain.java:140)
	at org.springframework.web.filter.FormContentFilter.doFilterInternal(FormContentFilter.java:93)
	at org.springframework.web.filter.OncePerRequestFilter.doFilter(OncePerRequestFilter.java:116)
	at org.apache.catalina.core.ApplicationFilterChain.internalDoFilter(ApplicationFilterChain.java:164)
	at org.apache.catalina.core.ApplicationFilterChain.doFilter(ApplicationFilterChain.java:140)
	at org.springframework.web.filter.ServerHttpObservationFilter.doFilterInternal(ServerHttpObservationFilter.java:114)
	at org.springframework.web.filter.OncePerRequestFilter.doFilter(OncePerRequestFilter.java:116)
	at org.apache.catalina.core.ApplicationFilterChain.internalDoFilter(ApplicationFilterChain.java:164)
	at org.apache.catalina.core.ApplicationFilterChain.doFilter(ApplicationFilterChain.java:140)
	at org.springframework.web.filter.CharacterEncodingFilter.doFilterInternal(CharacterEncodingFilter.java:201)
	at org.springframework.web.filter.OncePerRequestFilter.doFilter(OncePerRequestFilter.java:116)
	at org.apache.catalina.core.ApplicationFilterChain.internalDoFilter(ApplicationFilterChain.java:164)
	at org.apache.catalina.core.ApplicationFilterChain.doFilter(ApplicationFilterChain.java:140)
	at org.apache.catalina.core.StandardWrapperValve.invoke(StandardWrapperValve.java:167)
	at org.apache.catalina.core.StandardContextValve.invoke(StandardContextValve.java:90)
	at org.apache.catalina.authenticator.AuthenticatorBase.invoke(AuthenticatorBase.java:483)
	at org.apache.catalina.core.StandardHostValve.invoke(StandardHostValve.java:116)
	at org.apache.catalina.valves.ErrorReportValve.invoke(ErrorReportValve.java:93)
	at org.apache.catalina.core.StandardEngineValve.invoke(StandardEngineValve.java:74)
	at org.apache.catalina.connector.CoyoteAdapter.service(CoyoteAdapter.java:344)
	at org.apache.coyote.http11.Http11Processor.service(Http11Processor.java:398)
	at org.apache.coyote.AbstractProcessorLight.process(AbstractProcessorLight.java:63)
	at org.apache.coyote.AbstractProtocol$ConnectionHandler.process(AbstractProtocol.java:903)
	at org.apache.tomcat.util.net.NioEndpoint$SocketProcessor.doRun(NioEndpoint.java:1740)
	at org.apache.tomcat.util.net.SocketProcessorBase.run(SocketProcessorBase.java:52)
	at org.apache.tomcat.util.threads.ThreadPoolExecutor.runWorker(ThreadPoolExecutor.java:1189)
	at org.apache.tomcat.util.threads.ThreadPoolExecutor$Worker.run(ThreadPoolExecutor.java:658)
	at org.apache.tomcat.util.threads.TaskThread$WrappingRunnable.run(TaskThread.java:63)
	at java.base/java.lang.Thread.run(Thread.java:1447)
Caused by: java.net.ConnectException: Connection refused
	at java.base/sun.nio.ch.Net.connect0(Native Method)
	at java.base/sun.nio.ch.Net.connect(Net.java:535)
	at java.base/sun.nio.ch.Net.connect(Net.java:524)
	at java.base/sun.nio.ch.NioSocketImpl.connect(NioSocketImpl.java:574)
	at java.base/java.net.Socket.connect(Socket.java:665)
	at java.base/java.net.Socket.connect(Socket.java:603)
	at java.base/sun.net.NetworkClient.doConnect(NetworkClient.java:166)
	at java.base/sun.net.www.http.HttpClient.openServer(HttpClient.java:516)
	at java.base/sun.net.www.http.HttpClient.openServer(HttpClient.java:604)
	at java.base/sun.net.www.http.HttpClient.<init>(HttpClient.java:274)
	at java.base/sun.net.www.http.HttpClient.New(HttpClient.java:380)
	at java.base/sun.net.www.http.HttpClient.New(HttpClient.java:393)
	at java.base/sun.net.www.protocol.http.HttpURLConnection.getNewHttpClient(HttpURLConnection.java:1029)
	at java.base/sun.net.www.protocol.http.HttpURLConnection.plainConnect0(HttpURLConnection.java:962)
	at java.base/sun.net.www.protocol.http.HttpURLConnection.plainConnect(HttpURLConnection.java:898)
	at java.base/sun.net.www.protocol.http.HttpURLConnection.connect(HttpURLConnection.java:871)
	at org.springframework.http.client.SimpleClientHttpRequest.executeInternal(SimpleClientHttpRequest.java:79)
	at org.springframework.http.client.AbstractStreamingClientHttpRequest.executeInternal(AbstractStreamingClientHttpRequest.java:71)
	at org.springframework.http.client.AbstractClientHttpRequest.execute(AbstractClientHttpRequest.java:81)
	at org.springframework.web.client.RestTemplate.doExecute(RestTemplate.java:900)
	... 63 common frames omitted
23:13:00.201 [http-nio-8084-exec-9] WARN  c.c.n.client.UserServiceClient - ⚠️ User email not found: userId=1
23:13:02.024 [http-nio-8084-exec-9] ERROR c.c.n.service.EmailService - ❌ Email gönderim hatası: 1@test.com - Mock gönderim yapılıyor
org.springframework.mail.MailAuthenticationException: Authentication failed
	at org.springframework.mail.javamail.JavaMailSenderImpl.doSend(JavaMailSenderImpl.java:402)
	at org.springframework.mail.javamail.JavaMailSenderImpl.send(JavaMailSenderImpl.java:317)
	at org.springframework.mail.MailSender.send(MailSender.java:42)
	at com.cargotracking.notification_service.service.EmailService.sendEmail(EmailService.java:58)
	at com.cargotracking.notification_service.service.NotificationService.sendManualNotification(NotificationService.java:146)
	at java.base/jdk.internal.reflect.DirectMethodHandleAccessor.invoke(DirectMethodHandleAccessor.java:104)
	at java.base/java.lang.reflect.Method.invoke(Method.java:565)
	at org.springframework.aop.support.AopUtils.invokeJoinpointUsingReflection(AopUtils.java:359)
	at org.springframework.aop.framework.CglibAopProxy$DynamicAdvisedInterceptor.intercept(CglibAopProxy.java:724)
	at com.cargotracking.notification_service.service.NotificationService$$SpringCGLIB$$0.sendManualNotification(<generated>)
	at com.cargotracking.notification_service.controller.NotificationController.sendManualNotification(NotificationController.java:111)
	at java.base/jdk.internal.reflect.DirectMethodHandleAccessor.invoke(DirectMethodHandleAccessor.java:104)
	at java.base/java.lang.reflect.Method.invoke(Method.java:565)
	at org.springframework.web.method.support.InvocableHandlerMethod.doInvoke(InvocableHandlerMethod.java:258)
	at org.springframework.web.method.support.InvocableHandlerMethod.invokeForRequest(InvocableHandlerMethod.java:191)
	at org.springframework.web.servlet.mvc.method.annotation.ServletInvocableHandlerMethod.invokeAndHandle(ServletInvocableHandlerMethod.java:118)
	at org.springframework.web.servlet.mvc.method.annotation.RequestMappingHandlerAdapter.invokeHandlerMethod(RequestMappingHandlerAdapter.java:986)
	at org.springframework.web.servlet.mvc.method.annotation.RequestMappingHandlerAdapter.handleInternal(RequestMappingHandlerAdapter.java:891)
	at org.springframework.web.servlet.mvc.method.AbstractHandlerMethodAdapter.handle(AbstractHandlerMethodAdapter.java:87)
	at org.springframework.web.servlet.DispatcherServlet.doDispatch(DispatcherServlet.java:1089)
	at org.springframework.web.servlet.DispatcherServlet.doService(DispatcherServlet.java:979)
	at org.springframework.web.servlet.FrameworkServlet.processRequest(FrameworkServlet.java:1014)
	at org.springframework.web.servlet.FrameworkServlet.doPost(FrameworkServlet.java:914)
	at jakarta.servlet.http.HttpServlet.service(HttpServlet.java:590)
	at org.springframework.web.servlet.FrameworkServlet.service(FrameworkServlet.java:885)
	at jakarta.servlet.http.HttpServlet.service(HttpServlet.java:658)
	at org.apache.catalina.core.ApplicationFilterChain.internalDoFilter(ApplicationFilterChain.java:195)
	at org.apache.catalina.core.ApplicationFilterChain.doFilter(ApplicationFilterChain.java:140)
	at org.apache.tomcat.websocket.server.WsFilter.doFilter(WsFilter.java:51)
	at org.apache.catalina.core.ApplicationFilterChain.internalDoFilter(ApplicationFilterChain.java:164)
	at org.apache.catalina.core.ApplicationFilterChain.doFilter(ApplicationFilterChain.java:140)
	at org.springframework.web.filter.RequestContextFilter.doFilterInternal(RequestContextFilter.java:100)
	at org.springframework.web.filter.OncePerRequestFilter.doFilter(OncePerRequestFilter.java:116)
	at org.apache.catalina.core.ApplicationFilterChain.internalDoFilter(ApplicationFilterChain.java:164)
	at org.apache.catalina.core.ApplicationFilterChain.doFilter(ApplicationFilterChain.java:140)
	at org.springframework.web.filter.FormContentFilter.doFilterInternal(FormContentFilter.java:93)
	at org.springframework.web.filter.OncePerRequestFilter.doFilter(OncePerRequestFilter.java:116)
	at org.apache.catalina.core.ApplicationFilterChain.internalDoFilter(ApplicationFilterChain.java:164)
	at org.apache.catalina.core.ApplicationFilterChain.doFilter(ApplicationFilterChain.java:140)
	at org.springframework.web.filter.ServerHttpObservationFilter.doFilterInternal(ServerHttpObservationFilter.java:114)
	at org.springframework.web.filter.OncePerRequestFilter.doFilter(OncePerRequestFilter.java:116)
	at org.apache.catalina.core.ApplicationFilterChain.internalDoFilter(ApplicationFilterChain.java:164)
	at org.apache.catalina.core.ApplicationFilterChain.doFilter(ApplicationFilterChain.java:140)
	at org.springframework.web.filter.CharacterEncodingFilter.doFilterInternal(CharacterEncodingFilter.java:201)
	at org.springframework.web.filter.OncePerRequestFilter.doFilter(OncePerRequestFilter.java:116)
	at org.apache.catalina.core.ApplicationFilterChain.internalDoFilter(ApplicationFilterChain.java:164)
	at org.apache.catalina.core.ApplicationFilterChain.doFilter(ApplicationFilterChain.java:140)
	at org.apache.catalina.core.StandardWrapperValve.invoke(StandardWrapperValve.java:167)
	at org.apache.catalina.core.StandardContextValve.invoke(StandardContextValve.java:90)
	at org.apache.catalina.authenticator.AuthenticatorBase.invoke(AuthenticatorBase.java:483)
	at org.apache.catalina.core.StandardHostValve.invoke(StandardHostValve.java:116)
	at org.apache.catalina.valves.ErrorReportValve.invoke(ErrorReportValve.java:93)
	at org.apache.catalina.core.StandardEngineValve.invoke(StandardEngineValve.java:74)
	at org.apache.catalina.connector.CoyoteAdapter.service(CoyoteAdapter.java:344)
	at org.apache.coyote.http11.Http11Processor.service(Http11Processor.java:398)
	at org.apache.coyote.AbstractProcessorLight.process(AbstractProcessorLight.java:63)
	at org.apache.coyote.AbstractProtocol$ConnectionHandler.process(AbstractProtocol.java:903)
	at org.apache.tomcat.util.net.NioEndpoint$SocketProcessor.doRun(NioEndpoint.java:1740)
	at org.apache.tomcat.util.net.SocketProcessorBase.run(SocketProcessorBase.java:52)
	at org.apache.tomcat.util.threads.ThreadPoolExecutor.runWorker(ThreadPoolExecutor.java:1189)
	at org.apache.tomcat.util.threads.ThreadPoolExecutor$Worker.run(ThreadPoolExecutor.java:658)
	at org.apache.tomcat.util.threads.TaskThread$WrappingRunnable.run(TaskThread.java:63)
	at java.base/java.lang.Thread.run(Thread.java:1447)
Caused by: jakarta.mail.AuthenticationFailedException: 535-5.7.8 Username and Password not accepted. For more information, go to
535 5.7.8  https://support.google.com/mail/?p=BadCredentials 5b1f17b1804b1-4532e13c192sm154532255e9.26 - gsmtp

	at org.eclipse.angus.mail.smtp.SMTPTransport$Authenticator.authenticate(SMTPTransport.java:954)
	at org.eclipse.angus.mail.smtp.SMTPTransport.authenticate(SMTPTransport.java:865)
	at org.eclipse.angus.mail.smtp.SMTPTransport.protocolConnect(SMTPTransport.java:769)
	at jakarta.mail.Service.connect(Service.java:345)
	at org.springframework.mail.javamail.JavaMailSenderImpl.connectTransport(JavaMailSenderImpl.java:480)
	at org.springframework.mail.javamail.JavaMailSenderImpl.doSend(JavaMailSenderImpl.java:399)
	... 62 common frames omitted
23:13:02.026 [http-nio-8084-exec-9] INFO  c.c.n.service.EmailService - 📧 Mock Email (Fallback): To=1@test.com, Subject=Swagger Test Bildirimi, Body=Bu bir Swagger UI test bildirim mesajıdır! 🚀
23:13:02.042 [http-nio-8084-exec-9] INFO  c.c.n.service.NotificationService - ✅ Manual notification sent successfully: id=68507accf20fb5d4e76e5ca7
23:13:02.043 [http-nio-8084-exec-9] INFO  c.c.n.c.NotificationController - ✅ Manual notification sent: id=68507accf20fb5d4e76e5ca7
23:15:32.768 [http-nio-8084-exec-3] INFO  c.c.n.c.NotificationController - 📤 Manual notification request: userId=1, type=EMAIL, subject=SwaggerTestBildirim
23:15:32.773 [http-nio-8084-exec-3] INFO  c.c.n.service.NotificationService - 📤 Sending manual notification: userId=1, type=EMAIL, subject=SwaggerTestBildirim
23:15:32.773 [http-nio-8084-exec-3] INFO  c.c.n.client.UserServiceClient - 🔍 User service'den user bilgisi alınıyor: 1
23:15:32.775 [http-nio-8084-exec-3] ERROR c.c.n.client.UserServiceClient - ❌ User service bağlantı hatası - User ID: 1
org.springframework.web.client.ResourceAccessException: I/O error on GET request for "http://localhost:8081/api/users/1": Connection refused
	at org.springframework.web.client.RestTemplate.createResourceAccessException(RestTemplate.java:926)
	at org.springframework.web.client.RestTemplate.doExecute(RestTemplate.java:906)
	at org.springframework.web.client.RestTemplate.execute(RestTemplate.java:801)
	at org.springframework.web.client.RestTemplate.getForObject(RestTemplate.java:415)
	at com.cargotracking.notification_service.client.UserServiceClient.getUserById(UserServiceClient.java:32)
	at com.cargotracking.notification_service.client.UserServiceClient.getUserEmail(UserServiceClient.java:73)
	at com.cargotracking.notification_service.service.NotificationService.sendManualNotification(NotificationService.java:128)
	at java.base/jdk.internal.reflect.DirectMethodHandleAccessor.invoke(DirectMethodHandleAccessor.java:104)
	at java.base/java.lang.reflect.Method.invoke(Method.java:565)
	at org.springframework.aop.support.AopUtils.invokeJoinpointUsingReflection(AopUtils.java:359)
	at org.springframework.aop.framework.CglibAopProxy$DynamicAdvisedInterceptor.intercept(CglibAopProxy.java:724)
	at com.cargotracking.notification_service.service.NotificationService$$SpringCGLIB$$0.sendManualNotification(<generated>)
	at com.cargotracking.notification_service.controller.NotificationController.sendManualNotification(NotificationController.java:111)
	at java.base/jdk.internal.reflect.DirectMethodHandleAccessor.invoke(DirectMethodHandleAccessor.java:104)
	at java.base/java.lang.reflect.Method.invoke(Method.java:565)
	at org.springframework.web.method.support.InvocableHandlerMethod.doInvoke(InvocableHandlerMethod.java:258)
	at org.springframework.web.method.support.InvocableHandlerMethod.invokeForRequest(InvocableHandlerMethod.java:191)
	at org.springframework.web.servlet.mvc.method.annotation.ServletInvocableHandlerMethod.invokeAndHandle(ServletInvocableHandlerMethod.java:118)
	at org.springframework.web.servlet.mvc.method.annotation.RequestMappingHandlerAdapter.invokeHandlerMethod(RequestMappingHandlerAdapter.java:986)
	at org.springframework.web.servlet.mvc.method.annotation.RequestMappingHandlerAdapter.handleInternal(RequestMappingHandlerAdapter.java:891)
	at org.springframework.web.servlet.mvc.method.AbstractHandlerMethodAdapter.handle(AbstractHandlerMethodAdapter.java:87)
	at org.springframework.web.servlet.DispatcherServlet.doDispatch(DispatcherServlet.java:1089)
	at org.springframework.web.servlet.DispatcherServlet.doService(DispatcherServlet.java:979)
	at org.springframework.web.servlet.FrameworkServlet.processRequest(FrameworkServlet.java:1014)
	at org.springframework.web.servlet.FrameworkServlet.doPost(FrameworkServlet.java:914)
	at jakarta.servlet.http.HttpServlet.service(HttpServlet.java:590)
	at org.springframework.web.servlet.FrameworkServlet.service(FrameworkServlet.java:885)
	at jakarta.servlet.http.HttpServlet.service(HttpServlet.java:658)
	at org.apache.catalina.core.ApplicationFilterChain.internalDoFilter(ApplicationFilterChain.java:195)
	at org.apache.catalina.core.ApplicationFilterChain.doFilter(ApplicationFilterChain.java:140)
	at org.apache.tomcat.websocket.server.WsFilter.doFilter(WsFilter.java:51)
	at org.apache.catalina.core.ApplicationFilterChain.internalDoFilter(ApplicationFilterChain.java:164)
	at org.apache.catalina.core.ApplicationFilterChain.doFilter(ApplicationFilterChain.java:140)
	at org.springframework.web.filter.RequestContextFilter.doFilterInternal(RequestContextFilter.java:100)
	at org.springframework.web.filter.OncePerRequestFilter.doFilter(OncePerRequestFilter.java:116)
	at org.apache.catalina.core.ApplicationFilterChain.internalDoFilter(ApplicationFilterChain.java:164)
	at org.apache.catalina.core.ApplicationFilterChain.doFilter(ApplicationFilterChain.java:140)
	at org.springframework.web.filter.FormContentFilter.doFilterInternal(FormContentFilter.java:93)
	at org.springframework.web.filter.OncePerRequestFilter.doFilter(OncePerRequestFilter.java:116)
	at org.apache.catalina.core.ApplicationFilterChain.internalDoFilter(ApplicationFilterChain.java:164)
	at org.apache.catalina.core.ApplicationFilterChain.doFilter(ApplicationFilterChain.java:140)
	at org.springframework.web.filter.ServerHttpObservationFilter.doFilterInternal(ServerHttpObservationFilter.java:114)
	at org.springframework.web.filter.OncePerRequestFilter.doFilter(OncePerRequestFilter.java:116)
	at org.apache.catalina.core.ApplicationFilterChain.internalDoFilter(ApplicationFilterChain.java:164)
	at org.apache.catalina.core.ApplicationFilterChain.doFilter(ApplicationFilterChain.java:140)
	at org.springframework.web.filter.CharacterEncodingFilter.doFilterInternal(CharacterEncodingFilter.java:201)
	at org.springframework.web.filter.OncePerRequestFilter.doFilter(OncePerRequestFilter.java:116)
	at org.apache.catalina.core.ApplicationFilterChain.internalDoFilter(ApplicationFilterChain.java:164)
	at org.apache.catalina.core.ApplicationFilterChain.doFilter(ApplicationFilterChain.java:140)
	at org.apache.catalina.core.StandardWrapperValve.invoke(StandardWrapperValve.java:167)
	at org.apache.catalina.core.StandardContextValve.invoke(StandardContextValve.java:90)
	at org.apache.catalina.authenticator.AuthenticatorBase.invoke(AuthenticatorBase.java:483)
	at org.apache.catalina.core.StandardHostValve.invoke(StandardHostValve.java:116)
	at org.apache.catalina.valves.ErrorReportValve.invoke(ErrorReportValve.java:93)
	at org.apache.catalina.core.StandardEngineValve.invoke(StandardEngineValve.java:74)
	at org.apache.catalina.connector.CoyoteAdapter.service(CoyoteAdapter.java:344)
	at org.apache.coyote.http11.Http11Processor.service(Http11Processor.java:398)
	at org.apache.coyote.AbstractProcessorLight.process(AbstractProcessorLight.java:63)
	at org.apache.coyote.AbstractProtocol$ConnectionHandler.process(AbstractProtocol.java:903)
	at org.apache.tomcat.util.net.NioEndpoint$SocketProcessor.doRun(NioEndpoint.java:1740)
	at org.apache.tomcat.util.net.SocketProcessorBase.run(SocketProcessorBase.java:52)
	at org.apache.tomcat.util.threads.ThreadPoolExecutor.runWorker(ThreadPoolExecutor.java:1189)
	at org.apache.tomcat.util.threads.ThreadPoolExecutor$Worker.run(ThreadPoolExecutor.java:658)
	at org.apache.tomcat.util.threads.TaskThread$WrappingRunnable.run(TaskThread.java:63)
	at java.base/java.lang.Thread.run(Thread.java:1447)
Caused by: java.net.ConnectException: Connection refused
	at java.base/sun.nio.ch.Net.connect0(Native Method)
	at java.base/sun.nio.ch.Net.connect(Net.java:535)
	at java.base/sun.nio.ch.Net.connect(Net.java:524)
	at java.base/sun.nio.ch.NioSocketImpl.connect(NioSocketImpl.java:574)
	at java.base/java.net.Socket.connect(Socket.java:665)
	at java.base/java.net.Socket.connect(Socket.java:603)
	at java.base/sun.net.NetworkClient.doConnect(NetworkClient.java:166)
	at java.base/sun.net.www.http.HttpClient.openServer(HttpClient.java:516)
	at java.base/sun.net.www.http.HttpClient.openServer(HttpClient.java:604)
	at java.base/sun.net.www.http.HttpClient.<init>(HttpClient.java:274)
	at java.base/sun.net.www.http.HttpClient.New(HttpClient.java:380)
	at java.base/sun.net.www.http.HttpClient.New(HttpClient.java:393)
	at java.base/sun.net.www.protocol.http.HttpURLConnection.getNewHttpClient(HttpURLConnection.java:1029)
	at java.base/sun.net.www.protocol.http.HttpURLConnection.plainConnect0(HttpURLConnection.java:962)
	at java.base/sun.net.www.protocol.http.HttpURLConnection.plainConnect(HttpURLConnection.java:898)
	at java.base/sun.net.www.protocol.http.HttpURLConnection.connect(HttpURLConnection.java:871)
	at org.springframework.http.client.SimpleClientHttpRequest.executeInternal(SimpleClientHttpRequest.java:79)
	at org.springframework.http.client.AbstractStreamingClientHttpRequest.executeInternal(AbstractStreamingClientHttpRequest.java:71)
	at org.springframework.http.client.AbstractClientHttpRequest.execute(AbstractClientHttpRequest.java:81)
	at org.springframework.web.client.RestTemplate.doExecute(RestTemplate.java:900)
	... 63 common frames omitted
23:15:32.777 [http-nio-8084-exec-3] WARN  c.c.n.client.UserServiceClient - ⚠️ User email not found: userId=1
23:15:33.510 [http-nio-8084-exec-3] ERROR c.c.n.service.EmailService - ❌ Email gönderim hatası: 1@test.com - Mock gönderim yapılıyor
org.springframework.mail.MailAuthenticationException: Authentication failed
	at org.springframework.mail.javamail.JavaMailSenderImpl.doSend(JavaMailSenderImpl.java:402)
	at org.springframework.mail.javamail.JavaMailSenderImpl.send(JavaMailSenderImpl.java:317)
	at org.springframework.mail.MailSender.send(MailSender.java:42)
	at com.cargotracking.notification_service.service.EmailService.sendEmail(EmailService.java:58)
	at com.cargotracking.notification_service.service.NotificationService.sendManualNotification(NotificationService.java:146)
	at java.base/jdk.internal.reflect.DirectMethodHandleAccessor.invoke(DirectMethodHandleAccessor.java:104)
	at java.base/java.lang.reflect.Method.invoke(Method.java:565)
	at org.springframework.aop.support.AopUtils.invokeJoinpointUsingReflection(AopUtils.java:359)
	at org.springframework.aop.framework.CglibAopProxy$DynamicAdvisedInterceptor.intercept(CglibAopProxy.java:724)
	at com.cargotracking.notification_service.service.NotificationService$$SpringCGLIB$$0.sendManualNotification(<generated>)
	at com.cargotracking.notification_service.controller.NotificationController.sendManualNotification(NotificationController.java:111)
	at java.base/jdk.internal.reflect.DirectMethodHandleAccessor.invoke(DirectMethodHandleAccessor.java:104)
	at java.base/java.lang.reflect.Method.invoke(Method.java:565)
	at org.springframework.web.method.support.InvocableHandlerMethod.doInvoke(InvocableHandlerMethod.java:258)
	at org.springframework.web.method.support.InvocableHandlerMethod.invokeForRequest(InvocableHandlerMethod.java:191)
	at org.springframework.web.servlet.mvc.method.annotation.ServletInvocableHandlerMethod.invokeAndHandle(ServletInvocableHandlerMethod.java:118)
	at org.springframework.web.servlet.mvc.method.annotation.RequestMappingHandlerAdapter.invokeHandlerMethod(RequestMappingHandlerAdapter.java:986)
	at org.springframework.web.servlet.mvc.method.annotation.RequestMappingHandlerAdapter.handleInternal(RequestMappingHandlerAdapter.java:891)
	at org.springframework.web.servlet.mvc.method.AbstractHandlerMethodAdapter.handle(AbstractHandlerMethodAdapter.java:87)
	at org.springframework.web.servlet.DispatcherServlet.doDispatch(DispatcherServlet.java:1089)
	at org.springframework.web.servlet.DispatcherServlet.doService(DispatcherServlet.java:979)
	at org.springframework.web.servlet.FrameworkServlet.processRequest(FrameworkServlet.java:1014)
	at org.springframework.web.servlet.FrameworkServlet.doPost(FrameworkServlet.java:914)
	at jakarta.servlet.http.HttpServlet.service(HttpServlet.java:590)
	at org.springframework.web.servlet.FrameworkServlet.service(FrameworkServlet.java:885)
	at jakarta.servlet.http.HttpServlet.service(HttpServlet.java:658)
	at org.apache.catalina.core.ApplicationFilterChain.internalDoFilter(ApplicationFilterChain.java:195)
	at org.apache.catalina.core.ApplicationFilterChain.doFilter(ApplicationFilterChain.java:140)
	at org.apache.tomcat.websocket.server.WsFilter.doFilter(WsFilter.java:51)
	at org.apache.catalina.core.ApplicationFilterChain.internalDoFilter(ApplicationFilterChain.java:164)
	at org.apache.catalina.core.ApplicationFilterChain.doFilter(ApplicationFilterChain.java:140)
	at org.springframework.web.filter.RequestContextFilter.doFilterInternal(RequestContextFilter.java:100)
	at org.springframework.web.filter.OncePerRequestFilter.doFilter(OncePerRequestFilter.java:116)
	at org.apache.catalina.core.ApplicationFilterChain.internalDoFilter(ApplicationFilterChain.java:164)
	at org.apache.catalina.core.ApplicationFilterChain.doFilter(ApplicationFilterChain.java:140)
	at org.springframework.web.filter.FormContentFilter.doFilterInternal(FormContentFilter.java:93)
	at org.springframework.web.filter.OncePerRequestFilter.doFilter(OncePerRequestFilter.java:116)
	at org.apache.catalina.core.ApplicationFilterChain.internalDoFilter(ApplicationFilterChain.java:164)
	at org.apache.catalina.core.ApplicationFilterChain.doFilter(ApplicationFilterChain.java:140)
	at org.springframework.web.filter.ServerHttpObservationFilter.doFilterInternal(ServerHttpObservationFilter.java:114)
	at org.springframework.web.filter.OncePerRequestFilter.doFilter(OncePerRequestFilter.java:116)
	at org.apache.catalina.core.ApplicationFilterChain.internalDoFilter(ApplicationFilterChain.java:164)
	at org.apache.catalina.core.ApplicationFilterChain.doFilter(ApplicationFilterChain.java:140)
	at org.springframework.web.filter.CharacterEncodingFilter.doFilterInternal(CharacterEncodingFilter.java:201)
	at org.springframework.web.filter.OncePerRequestFilter.doFilter(OncePerRequestFilter.java:116)
	at org.apache.catalina.core.ApplicationFilterChain.internalDoFilter(ApplicationFilterChain.java:164)
	at org.apache.catalina.core.ApplicationFilterChain.doFilter(ApplicationFilterChain.java:140)
	at org.apache.catalina.core.StandardWrapperValve.invoke(StandardWrapperValve.java:167)
	at org.apache.catalina.core.StandardContextValve.invoke(StandardContextValve.java:90)
	at org.apache.catalina.authenticator.AuthenticatorBase.invoke(AuthenticatorBase.java:483)
	at org.apache.catalina.core.StandardHostValve.invoke(StandardHostValve.java:116)
	at org.apache.catalina.valves.ErrorReportValve.invoke(ErrorReportValve.java:93)
	at org.apache.catalina.core.StandardEngineValve.invoke(StandardEngineValve.java:74)
	at org.apache.catalina.connector.CoyoteAdapter.service(CoyoteAdapter.java:344)
	at org.apache.coyote.http11.Http11Processor.service(Http11Processor.java:398)
	at org.apache.coyote.AbstractProcessorLight.process(AbstractProcessorLight.java:63)
	at org.apache.coyote.AbstractProtocol$ConnectionHandler.process(AbstractProtocol.java:903)
	at org.apache.tomcat.util.net.NioEndpoint$SocketProcessor.doRun(NioEndpoint.java:1740)
	at org.apache.tomcat.util.net.SocketProcessorBase.run(SocketProcessorBase.java:52)
	at org.apache.tomcat.util.threads.ThreadPoolExecutor.runWorker(ThreadPoolExecutor.java:1189)
	at org.apache.tomcat.util.threads.ThreadPoolExecutor$Worker.run(ThreadPoolExecutor.java:658)
	at org.apache.tomcat.util.threads.TaskThread$WrappingRunnable.run(TaskThread.java:63)
	at java.base/java.lang.Thread.run(Thread.java:1447)
Caused by: jakarta.mail.AuthenticationFailedException: 535-5.7.8 Username and Password not accepted. For more information, go to
535 5.7.8  https://support.google.com/mail/?p=BadCredentials ffacd0b85a97d-3a568b2b113sm11935275f8f.75 - gsmtp

	at org.eclipse.angus.mail.smtp.SMTPTransport$Authenticator.authenticate(SMTPTransport.java:954)
	at org.eclipse.angus.mail.smtp.SMTPTransport.authenticate(SMTPTransport.java:865)
	at org.eclipse.angus.mail.smtp.SMTPTransport.protocolConnect(SMTPTransport.java:769)
	at jakarta.mail.Service.connect(Service.java:345)
	at org.springframework.mail.javamail.JavaMailSenderImpl.connectTransport(JavaMailSenderImpl.java:480)
	at org.springframework.mail.javamail.JavaMailSenderImpl.doSend(JavaMailSenderImpl.java:399)
	... 62 common frames omitted
23:15:33.511 [http-nio-8084-exec-3] INFO  c.c.n.service.EmailService - 📧 Mock Email (Fallback): To=1@test.com, Subject=SwaggerTestBildirim, Body=stringasdasd
23:15:33.515 [http-nio-8084-exec-3] INFO  c.c.n.service.NotificationService - ✅ Manual notification sent successfully: id=68507b64f20fb5d4e76e5ca8
23:15:33.515 [http-nio-8084-exec-3] INFO  c.c.n.c.NotificationController - ✅ Manual notification sent: id=68507b64f20fb5d4e76e5ca8
23:15:43.219 [http-nio-8084-exec-4] INFO  c.c.n.c.NotificationController - 📤 Manual notification request: userId=1, type=EMAasdIL, subject=SwaggerTestBildirim
23:15:43.219 [http-nio-8084-exec-4] INFO  c.c.n.service.NotificationService - 📤 Sending manual notification: userId=1, type=EMAasdIL, subject=SwaggerTestBildirim
23:15:43.220 [http-nio-8084-exec-4] ERROR c.c.n.service.NotificationService - ❌ Validation error: Invalid notification type: EMAasdIL. Valid types: EMAIL, SMS, PUSH_NOTIFICATION, IN_APP
23:15:43.220 [http-nio-8084-exec-4] ERROR c.c.n.c.NotificationController - ❌ Validation error: Invalid notification type: EMAasdIL. Valid types: EMAIL, SMS, PUSH_NOTIFICATION, IN_APP
23:17:46.474 [AsyncResolver-bootstrap-executor-%d] INFO  c.n.d.s.r.aws.ConfigClusterResolver - Resolving eureka endpoints via configuration
23:22:46.488 [AsyncResolver-bootstrap-executor-%d] INFO  c.n.d.s.r.aws.ConfigClusterResolver - Resolving eureka endpoints via configuration
